FBSConference,Year,Unnamed: 0,IPEDSID,TotalExpenses,ExcessTransfersBack,OtherExpenses,Medical,CompetitionGuarantees,Recruiting,GameExpensesandTravel,FacilitiesandEquipment,CoachesCompensation,SupportandAdminCompensationw/Severance,AthleticStudentAid,TotalRevenues,OtherRevenue,"CorporateSponsorship,Advertising,Licensing",DonorContributions,CompetitionGuarantees.1,"NCAA/ConferenceDistributions,MediaRights,andPost-SeasonFootball",TicketSales,Institutional/GovernmentSupport,StudentFees,TotalInstitutional/GovernmentSupportandStudentFees,TotalFootballSpending,TotalFootballCoachingSalaries,AthleticsRelatedDebt,"AnnualDebtService,LeasesandRentalFeesonAthleticFacilities",Rev/Exp,RevMinExp
American Athletic Conference,2014,1155.5555555555557,178615.55555555556,67756612.5,0.0,10375207.375,1131530.375,1655814.75,997485.625,8857122.75,10036040.0,14079632.5,11058183.875,9565595.5,69357333.25,3359018.75,6307672.75,10773495.125,411483.25,11144605.75,11076374.25,15675252.625,10609430.375,26284683.0,17498838.0,5473428.25,70127442.875,5912449.875,1.0236245687459655,1600720.75
American Athletic Conference,2015,1062.111111111111,180721.11111111112,58202225.71428572,0.0,5720168.714285715,834030.4285714285,1544938.4285714286,967243.2857142857,7737236.428571428,9919533.285714285,12379176.857142856,10218013.714285715,8881884.57142857,58598246.28571428,1568481.0,5708097.857142857,8743988.714285715,1112233.142857143,8278903.428571428,7049414.571428572,13549477.0,12587651.57142857,26137128.285714287,16032934.57142857,5104200.714285715,56210993.14285714,5016905.428571428,1.006804216961953,396020.5714285672
American Athletic Conference,2016,1063.111111111111,180721.11111111112,63403242.571428575,0.0,6825041.0,815164.8571428572,1239288.142857143,894241.5714285715,8919567.285714285,10900880.857142856,13039404.857142856,10864842.142857144,9904811.857142856,63053711.428571425,3930431.5714285714,6083477.428571428,7811349.571428572,843516.4285714285,8940688.142857144,7570451.428571428,15463772.714285715,12410024.0,27873796.57142857,18236388.714285713,5425710.714285715,63595398.85714286,6034544.428571428,0.9944871724429019,-349531.14285714924
American Athletic Conference,2017,1064.111111111111,180721.11111111112,63577965.14285714,0.0,6753812.428571428,896620.8571428572,1324426.857142857,1052853.0,7909379.857142857,10995027.42857143,12749053.857142856,11510798.714285715,10385992.285714285,63852029.571428575,2878229.0,6408225.714285715,8333139.285714285,837270.4285714285,8716551.57142857,7962076.428571428,16285989.57142857,12430547.57142857,28716537.285714287,17080500.42857143,4843064.571428572,65823016.571428575,4741393.285714285,1.0043106826076553,274064.4285714328
American Athletic Conference,2018,1065.111111111111,180721.11111111112,64350654.0,0.0,7483689.142857143,863847.5714285715,1424255.0,978608.0,8420560.857142856,11384571.42857143,12788349.857142856,10458191.142857144,10548580.42857143,62591748.0,2808802.1428571427,5959659.571428572,7427146.571428572,621437.2857142857,8585813.857142856,7021423.142857143,17711896.14285714,12455569.57142857,30167465.57142857,17441305.714285713,5217859.0,71214587.14285715,6936948.571428572,0.9726668512180155,-1758906.0
American Athletic Conference,2019,1066.111111111111,180721.11111111112,68830659.71428572,0.0,6659362.142857143,847607.0,1436888.5714285714,1139522.5714285714,8928487.714285715,14199061.0,14273801.285714285,10703324.142857144,10642604.857142856,70369323.0,2967337.5714285714,6468765.571428572,9131637.714285715,518608.0,7101834.142857143,7240477.571428572,24725837.57142857,14250628.5,36940662.0,19237035.85714286,6119711.0,67152426.28571428,7692869.571428572,1.0223543300631033,1538663.2857142836
American Athletic Conference,2020,1067.111111111111,180721.11111111112,68116897.0,0.0,7441867.428571428,926384.8571428572,1210051.142857143,770727.1428571428,7142953.857142857,14178750.42857143,15132694.142857144,10974245.285714285,10339222.714285715,70416947.42857143,3155614.4285714286,6526995.428571428,8952800.57142857,825751.1428571428,6319338.285714285,7291625.714285715,25599455.14285714,13702927.5,37344821.428571425,19182238.0,6725466.571428572,73506857.42857143,4759006.142857143,1.0337662243858734,2300050.428571433
American Athletic Conference,2021,1057.25,187183.75,55333169.166666664,0.0,4545332.666666667,1415663.3333333333,389474.8333333333,208693.16666666666,4300776.166666667,13127327.333333334,12395269.833333334,10071634.666666666,8878997.166666666,58052952.5,2328506.5,5111235.666666667,7595129.166666667,59428.333333333336,8750437.0,1206440.8333333333,20732734.833333332,12269040.166666666,33001775.0,16061785.833333334,6025912.833333333,73026710.33333333,5367077.5,1.049152856673385,2719783.333333336
Atlantic Coast Conference,2005,960.5,190166.25,64657809.375,0.0,10548640.375,1024593.875,2512219.125,1201979.0,5936071.0,14017958.75,9377343.0,10903213.375,9135790.75,66966338.0,5957763.125,2934853.5,17189330.125,1843628.125,15239525.25,17119719.0,839561.875,5841956.875,6681518.875,16267053.0,3545952.5714285714,67082663.666666664,4914655.0,1.0357037865543988,2308528.625
Atlantic Coast Conference,2006,961.5,190166.25,67864016.375,0.0,10089045.375,1051941.5,2368500.0,1254174.0,6698102.875,14077388.875,10732001.375,11563440.0,10029422.0,70575192.375,7416433.375,3379187.0,15783640.5,1807473.125,15804119.875,17744218.0,2033566.75,6606553.25,8640120.25,16436646.875,4405617.0,74779699.625,6135408.875,1.039950125925626,2711176.0
Atlantic Coast Conference,2007,962.5,190166.25,74171692.25,0.0,9751517.875,1118085.5,3336653.375,1256634.25,7729715.625,16715038.125,11300198.125,12515553.125,10448295.875,78789816.25,7914425.0,4229322.75,21065091.375,1641007.875,15583731.625,19988206.625,1369857.0,6998174.0,8368031.25,20647404.5,4308819.571428572,57469031.333333336,5628260.666666667,1.062262621492231,4618124.0
Atlantic Coast Conference,2008,963.5,190166.25,74269995.875,0.0,9256036.125,1093806.875,2793385.375,1302559.625,8216758.5,16129858.5,12333534.75,12786936.75,10357118.875,76671880.125,6570215.625,4728366.0,19591459.0,1622906.0,15527406.25,19858795.0,1297502.75,7475230.0,8772732.75,20118338.625,5033763.0,64322100.4,5589355.2,1.0323399001400577,2401884.25
Atlantic Coast Conference,2009,964.5,190166.25,79707304.0,0.0,10092555.0,1218215.125,3189042.625,1275695.25,8896477.25,16123182.75,13181712.25,14265855.125,11464568.25,80142170.125,4070736.625,5700203.0,19480049.625,1851749.75,17277412.75,21087130.0,2788935.0,7885953.25,10674888.25,21979045.875,5378710.25,65100656.14285714,5667219.714285715,1.0054557876527852,434866.125
Atlantic Coast Conference,2010,965.5,190166.25,75654622.5,0.0,8635995.25,1207494.625,1816573.25,1188136.0,8469158.625,15449999.375,13938478.75,13686670.75,11262115.875,79177429.625,3926485.125,5873207.375,20630003.75,906009.125,16794167.375,20759192.5,2162756.875,8125606.875,10288363.75,19868654.5,5750054.625,64883931.25,5331734.75,1.0465643341885686,3522807.125
Atlantic Coast Conference,2011,966.5,190166.25,78584972.5,0.0,7881470.125,1181986.25,1824472.5,1409210.75,8902569.875,16658899.625,14591253.875,14122022.875,12013085.75,79471580.125,5293867.125,5464348.0,20349392.25,1515933.25,17015717.25,19979534.875,2071526.0,7781261.5,9852787.25,20763846.5,5718393.625,74176890.0,5630835.25,1.0112821522588176,886607.625
Atlantic Coast Conference,2012,967.5,190166.25,83797398.375,0.0,9422635.0,1229739.875,2269293.625,1468467.0,9730399.25,16675997.125,15615738.0,15138149.875,12246978.625,87796163.875,4943990.25,6350632.375,21847093.25,787795.0,22584974.625,20575732.125,2089564.0,8616382.375,10705946.5,22946375.875,6643778.25,78791128.875,5207874.0,1.047719446874773,3998765.5
Atlantic Coast Conference,2013,968.5,190166.25,83678704.875,0.0,8513051.375,1341684.75,1836203.625,1422775.375,10032720.625,16504228.125,15823626.125,15629886.75,12574527.875,85878171.5,5961285.625,6020084.25,19755228.625,940018.25,23296860.75,19592020.5,1782858.25,8529814.625,10312672.875,23343986.0,6589509.0,83448242.625,6267264.375,1.0262846638016874,2199466.625
Atlantic Coast Conference,2014,1042.2222222222222,192958.11111111112,88498084.0,0.0,8743420.5,1257171.875,2636897.5,1494985.0,11299530.0,17221522.5,16798037.375,15919782.875,13126736.25,90496689.625,6255707.5,6438544.875,20119189.5,725824.25,25560709.625,20706239.125,2190061.0,8500414.0,10690475.0,25886868.75,7000739.875,76750780.5,6838654.375,1.0225836033354123,1998605.625
Atlantic Coast Conference,2015,1041.3333333333333,192291.77777777778,100324127.25,0.0,11197805.875,1442515.875,1992834.125,1785569.375,10972535.375,22471952.25,19309526.0,17612503.0,13538885.625,103369153.125,8660682.0,7289216.875,23503386.875,1018532.625,31613034.875,22267719.5,1886143.0,7130437.75,9016580.375,26334684.75,8305002.875,101750480.875,8726589.75,1.0303518800359164,3045025.875
Atlantic Coast Conference,2016,1042.3333333333333,192291.77777777778,107804367.625,0.0,11925894.0,1448920.875,1874436.875,1816844.75,13194806.875,23641379.5,20938951.25,17927028.5,15036105.625,108597750.75,7695749.75,7853888.25,27997485.0,875964.375,32295501.625,22709426.5,1986227.75,7183507.75,9169735.625,31484890.75,9032778.75,112193022.125,10105065.75,1.0073594710722649,793383.125
Atlantic Coast Conference,2017,1043.3333333333333,192291.77777777778,116822362.0,1821046.625,15393387.125,1544039.875,1929922.125,2085394.75,14218052.375,23641085.5,21513143.125,19074160.625,15602129.875,113297064.375,9218302.5,7774417.125,28203758.875,1707560.5,34467260.625,23065166.125,1789953.875,7070644.75,8860598.5,33414929.875,9169575.625,118136636.75,11562074.75,0.9698234347889662,-3525297.625
Atlantic Coast Conference,2018,1044.3333333333333,192291.77777777778,119800686.75,0.0,16014582.375,1615278.875,2345110.25,2092897.875,13682351.0,23489322.75,23605861.25,21137443.0,15817839.375,123035040.25,12313230.75,9214343.875,30923600.0,1938815.75,35244366.875,23749636.5,2358020.125,7293025.875,9651046.25,34515678.5,10692013.125,119029632.875,10348638.875,1.0269977876399778,3234353.5
Atlantic Coast Conference,2019,1045.3333333333333,192291.77777777778,124156176.625,0.0,16770101.625,1642535.625,2243168.75,2338932.25,13301732.25,24873009.125,24260273.625,22734174.75,15992249.0,121875477.375,11293412.25,11797217.75,29139092.75,742669.625,35866736.75,22422301.5,3452085.625,8185099.142857143,10614047.5,38262126.875,10909050.625,88595455.375,6867461.0,0.9816304004198793,-2280699.25
Atlantic Coast Conference,2020,1046.3333333333333,192291.77777777778,122159228.25,0.0,16417624.5,1700519.875,2079524.125,1832348.75,11546847.625,24405825.875,23969492.875,24134751.125,16072292.75,116893176.0,9970635.75,10850605.375,28243674.125,519533.25,34766059.625,22001635.5,3483956.5,8065230.142857143,10541032.625,38495341.75,10884093.875,110200615.125,7254155.0,0.956891899814372,-5266052.25
Atlantic Coast Conference,2021,1047.3333333333333,192291.77777777778,100193462.25,0.0,12771849.125,2609399.875,666755.375,314921.625,7430237.0,19838896.0,21855219.875,19331006.75,15375176.625,101989744.5,7884424.0,10943703.875,28720013.25,58929.375,36908824.625,2823652.0,7975373.125,6674824.25,14650197.375,28772794.0,9806736.625,121277610.25,7212036.625,1.0179281383202226,1796282.25
Big 12 Conference,2005,961.2727272727273,186572.45454545456,69115843.36363636,0.0,9758361.636363637,828340.6363636364,1797718.9090909092,1114506.8181818181,8327990.2727272725,16302702.636363637,10860107.363636363,12933087.0,7193027.909090909,72477483.36363636,7457040.454545454,4620343.454545454,17645801.09090909,369714.45454545453,14355496.909090908,24340392.818181816,2343352.272727273,1345341.6363636365,3688693.909090909,15440698.636363637,4680589.818181818,72157853.0,6264210.818181818,1.0486377628688337,3361640.0
Big 12 Conference,2006,962.2727272727273,186572.45454545456,76881947.9090909,0.0,11033504.181818182,959207.8181818182,1847162.8181818181,1195104.0,8766570.0,19817148.272727273,11925540.181818182,13757709.909090908,7580000.818181818,100743158.18181819,7411622.181818182,5003938.454545454,44763456.81818182,344895.7272727273,14136234.818181818,24666921.454545453,3115661.3636363638,1300427.0909090908,4416088.454545454,16759069.181818182,5023277.8,64675427.222222224,5687441.9,1.3103616768521784,23861210.27272728
Big 12 Conference,2007,963.2727272727273,186572.45454545456,78237029.45454545,0.0,11232951.727272727,1092041.0909090908,2361108.909090909,1310362.5454545454,9728766.363636363,18259124.363636363,12050685.181818182,14079348.818181818,8122640.818181818,80253504.0,8024693.545454546,5941294.090909091,20371250.636363637,575101.9090909091,14523640.454545455,26499292.272727273,2923990.3636363638,1394240.7272727273,4318231.0,17140489.8,5100796.444444444,96969522.42857143,7470490.625,1.0257739149800682,2016474.5454545468
Big 12 Conference,2008,964.2727272727273,186572.45454545456,83216527.81818181,0.0,12971358.636363637,917402.6363636364,2268071.1818181816,1362835.0909090908,10731186.545454545,17917067.545454547,12835223.090909092,16036430.272727273,8176952.818181818,91043765.72727273,6958751.363636363,6844051.181818182,28342884.818181816,600761.5454545454,15536532.090909092,28481514.636363637,2946265.4545454546,1333004.8181818181,4279270.2727272725,19439409.0,5287932.090909091,84602084.375,6537496.666666667,1.0940586937992955,7827237.909090921
Big 12 Conference,2009,965.2727272727273,186572.45454545456,87111421.54545455,0.0,14649068.545454545,1053701.9090909092,2682380.4545454546,1383477.0909090908,10905697.090909092,16649628.545454545,14513844.090909092,16568543.818181818,8705080.181818182,89786358.36363636,4544559.2727272725,7552609.545454546,24418539.636363637,505254.0,17576296.272727273,30908733.09090909,3137833.4545454546,1142533.0909090908,4280366.454545454,20748410.727272727,6150561.181818182,88576788.2,7637509.0,1.0307070734322255,2674936.8181818128
Big 12 Conference,2010,966.2727272727273,186572.45454545456,87831188.81818181,0.0,12665911.272727273,1057886.5454545454,2424817.8181818184,1271479.5454545454,10601419.181818182,19321279.272727273,15146064.363636363,16302202.545454545,9040127.909090908,95808696.18181819,8115401.545454546,7727731.545454546,26656686.363636363,787676.3636363636,17822208.0,31089718.90909091,2497625.8181818184,1111648.0,3609273.8181818184,20646886.818181816,6490805.0,96561701.2,10192515.6,1.0908277284069388,7977507.3636363745
Big 12 Conference,2011,967.2727272727273,186572.45454545456,87888571.54545455,0.0,12854391.636363637,1021711.9090909091,2591012.090909091,1295169.0,11172446.272727273,17104341.09090909,15534261.727272727,16882366.181818184,9432871.727272727,97054007.18181819,8924787.181818182,8158337.818181818,24890852.0,631013.6363636364,19246457.545454547,30750568.181818184,3306129.4545454546,1145861.0909090908,4451990.7272727275,20642197.636363637,6804577.181818182,87538485.27272727,7450267.2727272725,1.1042847263892943,9165435.63636364
Big 12 Conference,2012,894.7777777777778,193802.11111111112,95138960.8888889,0.0,15094301.444444444,1084382.2222222222,2041289.5555555555,1446298.5555555555,12336676.0,18290083.333333332,17136574.333333332,18413854.111111112,9295501.222222222,102812931.8888889,6815354.222222222,8955643.111111112,30538719.222222224,489204.0,22177708.333333332,30625836.0,2134685.0,1075781.7777777778,3210466.777777778,23464115.111111112,7554277.666666667,110243520.33333333,8732892.555555556,1.0806606560372496,7673971.0
Big 12 Conference,2013,964.25,196891.5,99869508.5,0.0,12811529.25,1106081.375,1957774.375,1657409.875,14243482.75,22169108.0,17486316.375,18825572.125,9612234.5,110460301.625,8168109.25,9966632.25,30971032.5,866597.75,27919795.375,29223957.5,1397727.875,1946449.125,3344177.125,22559495.5,7874184.5,113773527.125,9349910.125,1.1060463126741031,10590793.125
Big 12 Conference,2014,965.25,196891.5,106451686.0,0.0,17412698.625,1149140.0,1858211.25,1686501.375,13239272.0,23324986.875,18122298.25,19455648.875,10202929.125,114632717.0,10621787.875,10782793.125,31503515.25,823014.5,29934244.75,27831216.625,1130169.75,2005975.375,3136145.25,24559255.625,8200677.5,108423542.5,9737888.5,1.0768520566221937,8181031.0
Big 12 Conference,2015,966.25,196891.5,114752728.25,2151817.375,15766863.75,1193623.25,1862908.125,1774719.0,14956475.625,26091941.125,18858236.375,21421665.5,10674477.75,118139680.875,7606552.0,12699896.375,31078373.625,1995657.125,32506793.5,29204660.125,1095342.875,1952404.625,3047747.375,25232240.25,8097824.875,121482012.625,10254800.75,1.0295152252730864,3386952.625
Big 12 Conference,2016,967.25,196891.5,113803707.875,2179332.375,13760223.875,1113102.625,1908477.125,1745791.375,15686364.625,24882560.25,18965034.125,22387907.25,11174914.375,122372428.625,6834956.625,12510532.75,31232731.75,565769.625,39285981.25,28720961.75,1257781.75,1963713.0,3221494.75,26049341.0,8021148.125,131204004.375,10020319.875,1.0752938626517488,8568720.75
Big 12 Conference,2017,968.25,196891.5,120644148.625,2195274.625,16629225.625,1306528.625,2141430.5,1967321.625,16445218.75,26715937.0,19621483.75,22403179.5,11218549.0,127829471.125,8998432.875,12966691.5,31801025.125,865037.25,40986845.75,29704175.625,572713.0,1934549.75,2507263.0,28268106.5,8723299.25,125007824.0,10084636.5,1.059557985877411,7185322.5
Big 12 Conference,2018,969.25,196891.5,122736062.125,1522513.0,15272992.75,1359845.0,1920927.75,2252138.625,15048707.625,29752602.875,20739870.125,23518617.75,11347846.25,129109341.375,8375023.375,13804309.625,35738853.25,978380.25,40915768.125,27708187.0,204535.5,1384284.25,1588819.75,29306928.0,8930745.625,123012426.875,11730250.625,1.051926704667363,6373279.25
Big 12 Conference,2019,970.25,196891.5,125455951.625,1373422.142857143,13618945.25,1374813.75,1947942.75,2328398.875,15382818.0,31338282.5,22913718.375,23915320.25,11433967.625,130967672.0,7428218.625,14077877.0,32240847.5,806285.875,47199166.25,27717009.375,791685.0,2080553.6,2397227.8,32484923.5,10310427.5,108871170.5,10135817.0,1.0439335105557612,5511720.375
Big 12 Conference,2020,971.25,196891.5,115878228.625,1568141.0,11989750.625,1316536.25,1979719.0,1652436.125,13122116.0,27167170.75,23446155.625,23141147.5,10691072.75,119127980.5,5573658.75,13148966.625,28594721.25,744593.75,43877767.375,26247751.0,719126.0,1521480.0,1504834.4,31184855.5,10794937.0,110630532.25,10453517.0,1.0280445422195459,3249751.875
Big 12 Conference,2021,972.25,196891.5,101335425.25,1087333.625,7050304.5,2647249.25,897933.875,656448.5,8837338.375,24374011.75,22972497.5,22130839.875,10681468.0,94334848.625,5948396.25,12072699.375,28379200.375,140388.75,38511326.25,5636113.0,3040875.25,605849.375,3646724.625,25828949.75,10022452.5,109458489.25,6937108.0,0.9309167884012013,-7000576.625
Big East Conference,2005,1203.6,197012.8,56060370.0,0.0,8840478.333333334,1111630.3333333333,1759090.6666666667,1059474.0,8336802.0,6884738.333333333,10001089.0,9118542.333333334,8948524.666666666,54915211.333333336,4241300.0,5623252.333333333,8038966.333333333,1194711.3333333333,8648471.0,12280753.0,8412404.333333334,6475353.0,14887758.0,15019029.333333334,3240698.0,26876898.666666668,3748121.6666666665,0.9795727593901599,-1145158.6666666642
Big East Conference,2006,1341.5714285714287,180750.0,52156361.166666664,0.0,8207727.0,826950.6666666666,1829854.8333333333,945101.6666666666,7334895.333333333,6867730.166666667,8963740.666666666,9128802.0,8051559.0,53967277.166666664,3573212.0,4060953.1666666665,12122424.166666666,1496410.5,8451550.0,11398837.166666666,6785582.666666667,6078307.833333333,12863890.5,13491442.666666666,3203528.0,43580232.333333336,1450217.6666666667,1.034720903826346,1810916.0
Big East Conference,2007,1342.5714285714287,180750.0,56214428.0,0.0,9068394.333333334,1026960.6666666666,2063282.5,978380.0,7869495.0,8072708.5,9831199.166666666,8849229.833333334,8454777.333333334,56429813.666666664,4336513.833333333,4302399.0,11221089.5,1456404.1666666667,8791322.833333334,12209110.5,7742238.666666667,6370735.5,14112974.166666666,15401398.5,3892858.1666666665,40151523.0,3495516.6,1.0038315015260257,215385.66666666418
Big East Conference,2008,1343.5714285714287,180750.0,58764436.333333336,0.0,9485080.833333334,996524.3333333334,2030281.6666666667,1095964.8333333333,8865564.5,7280383.5,11027704.166666666,9292283.666666666,8690649.333333334,59834101.0,4039382.3333333335,4671357.166666667,11875258.333333334,1390325.6666666667,10073946.666666666,13309555.833333334,7877760.5,6596514.166666667,14474274.666666666,16990406.0,4326663.333333333,41818205.2,3648390.6,1.0182025853289758,1069664.6666666642
Big East Conference,2009,1344.5714285714287,180750.0,65047494.833333336,0.0,10466385.166666666,914662.8333333334,2271168.6666666665,1026738.8333333334,9233420.333333334,9436637.166666666,12132633.0,10455261.333333334,9110587.333333334,66740783.0,4228965.333333333,6822379.833333333,11696093.0,1584126.5,11092811.666666666,14755868.5,9348099.833333334,7212438.666666667,16560538.166666666,17750136.666666668,4723304.666666667,71559094.83333333,4878909.0,1.026031566181069,1693288.1666666642
Big East Conference,2010,1345.5714285714287,180750.0,66899931.166666664,0.0,9620377.333333334,1128910.0,2385785.1666666665,948795.5,8990147.0,10335280.333333334,12909545.833333334,10878584.333333334,9702504.666666666,68002435.5,5259038.0,5938182.666666667,11640318.333333334,1491107.8333333333,11678204.833333334,15036022.666666666,9477525.833333334,7482035.666666667,16959561.5,18888992.666666668,5036641.333333333,71821971.83333333,6081649.666666667,1.0164799023572488,1102504.3333333358
Big East Conference,2011,1346.5714285714287,180750.0,71056237.0,0.0,11235228.166666666,1159306.8333333333,2622933.8333333335,928784.6666666666,8433945.0,11221827.5,13527268.0,12242193.5,9684749.5,71503256.16666667,4365035.666666667,5209260.333333333,14538878.5,2017521.3333333333,11755117.5,15708057.333333334,10061245.333333334,7848140.333333333,17909385.666666668,18016689.5,5509172.666666667,72991020.66666667,7103874.0,1.00629106163709,447019.16666667163
Big East Conference,2012,1271.375,185198.625,78268918.16666667,0.0,14267574.833333334,1110127.5,2738392.6666666665,1018223.0,9459028.333333334,12685669.333333334,14182336.5,12700281.666666666,10107285.0,76316129.66666667,5927985.5,5545346.0,15797827.333333334,1420674.0,13390698.5,15790792.666666666,10489223.666666666,7953582.333333333,18442805.833333332,19011956.0,5588608.166666667,64151915.166666664,6695021.833333333,0.9750502684112522,-1952788.5
Big East Conference,2013,1188.2857142857142,177651.0,78850755.0,0.0,14057194.4,1103560.0,2389479.8,1047585.0,9745159.2,12139473.4,14872077.8,13045526.6,10450698.4,80375555.6,5088863.4,6330701.2,11617006.6,2006378.4,14831759.6,13461602.2,18244562.2,8794681.8,27039244.2,19885071.2,5843408.0,70273850.2,9712476.6,1.019337805960133,1524800.599999994
Big Ten Conference,2005,996.2,187058.5,82185477.5,0.0,12635417.2,1404580.2,3105769.7,1172432.6,8723273.5,19049590.9,12096470.7,13091998.0,10905944.4,85962009.5,10351770.9,6004382.8,17981423.9,1078270.6,18524321.4,28085158.3,3205455.8,731226.4,3936682.3,19418267.8,3906634.2,89075347.66666667,6466074.0,1.045951330026646,3776532.0
Big Ten Conference,2006,997.2,187058.5,86454521.1111111,0.0,12183419.444444444,1303748.5555555555,3580286.222222222,1267995.3333333333,9251193.444444444,19626439.666666668,14062822.333333334,13929796.666666666,11248819.555555556,91600235.55555555,11762165.333333334,6543009.777777778,19730917.111111112,1136472.6666666667,18763787.222222224,29273377.333333332,3589359.888888889,801146.7777777778,4390506.555555556,21825063.111111112,5199979.777777778,92629761.1111111,7392669.777777778,1.05951932158448,5145714.444444448
Big Ten Conference,2007,998.2,187058.5,91040584.8888889,0.0,13728520.333333334,1323555.7777777778,3220293.111111111,1281700.5555555555,10156005.333333334,19946739.777777776,14161382.444444444,15751391.0,11470996.555555556,96036096.55555555,12005957.666666666,7056362.666666667,19314317.444444444,1141326.2222222222,22149817.777777776,30244235.222222224,3509334.4444444445,614745.4444444445,4124079.888888889,23118681.125,4956066.555555556,101107334.14285715,8687720.142857144,1.0548712606884443,4995511.666666657
Big Ten Conference,2008,999.2,187058.5,95843361.22222222,0.0,12347057.777777778,1361159.3333333333,3916780.3333333335,1367882.5555555555,11556968.555555556,22488495.666666668,14229630.333333334,16592874.222222222,11982512.444444444,102218146.77777778,11187401.444444444,6731101.0,19849912.111111112,1774269.888888889,29168706.555555556,29844860.111111112,3044068.3333333335,617827.2222222222,3661895.4444444445,21649830.625,5137684.333333333,138551329.5,8050404.5,1.0665125416540326,6374785.555555552
Big Ten Conference,2009,1000.2,187058.5,98783180.1111111,0.0,13369785.0,1231655.6666666667,3324081.888888889,1324464.4444444445,10974538.333333334,23418580.222222224,15238217.444444444,17195142.555555556,12706714.222222222,102867863.44444445,11212184.222222222,8483678.222222222,20285931.0,1211208.111111111,27861301.111111112,30384208.777777776,2944927.5555555555,484424.44444444444,3429351.777777778,24658834.333333332,5239064.666666667,172258482.2857143,11304458.42857143,1.0413499882139743,4084683.3333333433
Big Ten Conference,2010,1001.2,187058.5,101848993.1,0.0,14710725.7,1373334.2,3536291.6,1294775.1,10511226.6,24898055.4,15649821.1,16878742.4,12996021.0,110574915.6,11962802.3,9212944.8,23893510.2,945450.7,28843863.9,32735457.5,2547530.7,433355.6,2980886.3,23115291.7,4905925.3,135809288.0,10115023.0,1.0856750983432157,8725922.5
Big Ten Conference,2011,1002.2,187058.5,106525835.4,0.0,14678881.4,1443784.4,3418741.7,1292878.2,10922564.8,26615163.8,16493719.8,18165684.5,13494417.0,113095310.6,13111557.5,9279571.2,23134448.4,1236464.4,31063307.6,32116847.3,2729929.8,423184.8,3153114.5,24220129.2,5494256.7,162001078.5,12575207.2,1.061670252810803,6569475.199999988
Big Ten Conference,2012,1045.5454545454545,186549.9090909091,109160383.72727273,0.0,17958991.727272727,1452256.9090909092,3489887.727272727,1471602.0909090908,12444470.636363637,23218769.09090909,17037619.0,18481164.90909091,13605622.181818182,115192834.81818181,14433003.636363637,9891980.909090908,22002014.272727273,1002754.8181818182,31005983.727272727,34087062.0,2389760.5454545454,380274.9090909091,2770035.4545454546,24085367.272727273,5762282.363636363,149981207.0909091,10971445.727272727,1.0552622745077611,6032451.090909079
Big Ten Conference,2013,1046.5454545454545,186549.9090909091,117284078.45454545,0.0,15410274.272727273,1607792.0909090908,4073394.6363636362,1730187.1818181819,11716358.0,29093612.636363637,18900969.0,20500233.363636363,14251257.363636363,122250884.45454545,14250460.0,10479570.454545455,27936830.09090909,1629897.2727272727,32343672.454545453,32951771.545454547,2266958.090909091,391725.0,2658683.090909091,25902466.636363637,6431186.454545454,140167555.0,11236719.818181818,1.042348510261987,4966806.0
Big Ten Conference,2014,1047.5454545454545,186549.9090909091,119033649.45454545,0.0,15833940.545454545,1518528.1818181819,4083800.272727273,1920240.7272727273,12629930.727272727,26611421.545454547,19950034.636363637,21757752.181818184,14728000.727272727,124568077.0909091,14331018.0,11025120.090909092,26776062.727272727,399832.0,33924931.45454545,35608028.0,2114870.4545454546,388214.7272727273,2503085.1818181816,29205028.818181816,8171077.7272727275,153346849.63636363,11470338.454545455,1.0464946480404858,5534427.63636364
Big Ten Conference,2015,1044.3846153846155,184747.3076923077,122805596.46153846,930140.3076923077,14597299.384615384,1663640.3076923077,3072104.230769231,1875064.5384615385,12793406.23076923,30135917.46153846,20671970.307692308,22057685.923076924,15008368.0,124040972.61538461,12774735.923076924,11673858.692307692,25345526.0,909619.3846153846,36613147.307692304,31344517.076923076,3065471.5384615385,2314096.846153846,5379568.461538462,28446114.53846154,8546074.153846154,137039622.30769232,11605748.538461538,1.0100596079449282,1235376.1538461447
Big Ten Conference,2016,1045.3846153846155,184747.3076923077,130377399.76923077,897179.4615384615,14422555.923076924,1639835.7692307692,3679122.076923077,1862273.2307692308,14874481.461538462,30686990.230769232,21846008.615384616,23868957.53846154,16599995.384615384,131125765.61538461,13804066.76923077,12974109.23076923,26407492.230769232,873955.8461538461,40379859.692307696,31332984.384615384,3016177.923076923,2337119.3076923075,5353297.153846154,32145342.923076924,9010832.538461538,142051979.53846154,11763420.846153846,1.0057399967132221,748365.8461538404
Big Ten Conference,2017,1046.3846153846155,184747.3076923077,136467882.84615386,1235414.1538461538,13948548.923076924,1644541.4615384615,3356811.4615384615,2076948.6153846155,14999885.846153846,32512281.769230768,22969226.692307692,26444333.307692308,17279890.769230768,138735092.53846154,14706381.076923076,14794167.846153846,27728028.769230768,676555.1538461539,43828225.23076923,30802335.923076924,3844479.5384615385,2354918.5384615385,6199398.076923077,35020199.538461536,9603616.384615384,145919283.76923078,11003997.846153846,1.016613503815133,2267209.692307681
Big Ten Conference,2018,1047.3846153846155,184747.3076923077,145341754.46153846,1659487.3846153845,14044705.0,1590638.5384615385,3241769.769230769,2222161.769230769,14976208.461538462,36199313.307692304,25456060.230769232,28259591.923076924,17691818.307692308,150133651.84615386,14051406.923076924,14989381.846153846,24798851.769230768,979438.6153846154,58702764.07692308,31084132.769230768,3227595.0,2300081.230769231,5527676.384615385,36762230.76923077,11025052.923076924,156756978.92307693,12589328.384615384,1.0329698606045343,4791897.3846153915
Big Ten Conference,2019,1048.3846153846155,184747.3076923077,149456279.92307693,1953033.75,14762262.846153846,1731834.4615384615,3780766.6923076925,2455895.923076923,16107424.692307692,36100434.07692308,26678636.846153848,28226705.384615384,17809518.384615384,151526289.46153846,14574957.076923076,15084813.384615384,24253401.46153846,838691.8333333334,60390304.23076923,29956402.615384616,6054762.333333333,7476544.0,8439903.6,38393013.23076923,11978933.692307692,177117421.33333334,14827105.75,1.0138502680484685,2070009.5384615362
Big Ten Conference,2020,1049.3846153846155,184747.3076923077,146235660.6153846,1938072.4166666667,13729591.692307692,1769242.3076923077,3670823.6923076925,1880687.5384615385,14001595.615384616,36075947.23076923,27592633.846153848,28064099.615384616,17662049.307692308,145822793.46153846,13068823.538461538,15471875.846153846,22959856.769230768,380522.0,58172980.461538464,30460531.53846154,4732753.777777778,6698096.0,6938716.8,38466975.92307692,13133173.846153846,169323495.58333334,20677723.363636363,0.9971766999095246,-412867.1538461447
Big Ten Conference,2021,1050.3846153846155,184747.3076923077,115083667.76923077,217079.46153846153,7966481.307692308,2671513.6153846155,273777.3846153846,426481.6153846154,6655954.230769231,30118554.384615384,25778757.769230768,23901745.53846154,17073322.46153846,89469737.07692307,7164936.461538462,12135554.076923076,18448755.692307692,51522.153846153844,44989345.538461536,4557.0,4678831.692307692,1996234.4615384615,6675066.153846154,28671981.846153848,12191479.307692308,148776652.07692307,12986818.76923077,0.7774320962408887,-25613930.692307696
Conference USA,2005,1167.3333333333333,179492.55555555556,32126387.888888888,0.0,4949151.555555556,433244.8888888889,1269189.5555555555,537078.1111111111,4219744.333333333,3749968.4444444445,6368538.111111111,5185576.555555556,5413896.777777778,32312375.111111112,2564296.4444444445,1409365.5555555555,6289087.777777778,2015033.4444444445,3500411.0,5648414.777777778,5787767.777777778,5097998.555555556,10885766.222222222,9010454.625,2369091.3333333335,37002833.833333336,1629803.5714285714,1.005789235405657,185987.22222222388
Conference USA,2006,984.875,190137.0,30723670.0,0.0,4581504.625,626687.25,600866.125,534261.125,3870917.75,4446007.125,5353496.125,4549645.875,6160283.25,28762542.875,1814609.375,1145400.5,5266538.5,781598.25,3628849.875,4075369.125,5120848.25,6929328.25,12050176.875,8547424.0,2242773.875,16302517.25,1160390.5714285714,0.936168852060968,-1961127.125
Conference USA,2007,985.875,190137.0,32161475.5,0.0,4824974.75,711835.25,843796.875,615069.75,4044897.25,4255652.75,5718948.0,4957624.5,6188676.0,30417739.125,1968430.875,1041553.875,5460291.5,898432.625,3736141.375,4900312.5,5063284.125,7349292.625,12412576.5,8516143.285714285,2025806.625,73517871.25,3006110.0,0.9457818291017152,-1743736.375
Conference USA,2008,986.875,190137.0,34811916.375,0.0,4847387.625,644509.875,809951.375,536872.875,4494448.25,5761918.75,6362387.625,5202717.5,6151722.5,35218661.375,2135244.5,1600429.75,5580816.125,1095677.375,3906974.875,5429578.375,7292134.25,8177806.125,15469940.375,10114419.125,2620004.125,38381699.85714286,2619028.285714286,1.0116840737987094,406745.0
Conference USA,2009,987.875,190137.0,35866275.125,0.0,4576935.625,741716.25,945985.75,604604.25,4558395.875,5632361.375,6759085.5,5540745.625,6506445.0,35701330.375,1948432.375,1753189.0,5013464.0,1357919.375,4020555.375,5180278.0,7902785.625,8524707.125,16427492.75,10437601.375,2848938.375,40459286.71428572,2881021.5,0.9954011184761969,-164944.75
Conference USA,2010,988.875,190137.0,36982251.625,0.0,4632061.25,707066.875,937318.625,619698.25,4388190.875,5959943.375,7342406.875,5665579.0,6729986.375,37072803.375,2169583.0,1703522.875,5829546.25,784596.75,4357791.375,5344804.625,7849560.25,9033398.25,16882958.75,11500344.375,3469772.25,31303861.714285713,1801478.625,1.0024485191144714,90551.75
Conference USA,2011,989.875,190137.0,37421907.375,0.0,4521800.5,823289.5,914214.5,680619.0,4613104.0,6245052.25,6954597.375,5605394.125,7063836.125,38143725.375,1689263.875,1956734.875,5458785.375,1061930.375,4090894.5,5572643.125,9045879.375,9267593.75,18313473.125,10851855.125,2892819.875,31070171.85714286,2104386.5,1.019288648030865,721818.0
Conference USA,2012,990.875,190137.0,38364367.125,0.0,4696651.125,823800.125,952809.0,654314.75,4735544.625,5879044.375,7093644.5,6284077.75,7244481.0,39253980.5,1803768.375,1780783.625,5798071.125,1244869.625,3723905.625,5230752.375,10373560.0,9298269.75,19671829.875,11225255.25,2983292.0,24356328.875,4141717.0,1.0231885325281513,889613.375
Conference USA,2013,991.875,190137.0,39988749.375,0.0,5212878.75,742565.625,1062906.25,674250.5,4688279.875,6410755.25,7639030.75,6086003.0,7472079.625,39684570.5,1426125.25,2283837.25,5910518.25,1212306.75,3657404.75,4838439.75,10562476.625,9793462.0,20355938.375,11359938.125,3336055.875,26968194.375,1990420.375,0.9923933886467036,-304178.875
Conference USA,2014,731.5,189940.83333333334,33418439.666666668,0.0,3998420.9166666665,558256.0833333334,745677.4166666666,572078.5833333334,4234838.666666667,5431089.583333333,5834491.583333333,5079933.75,6963653.666666667,33460593.0,1217262.5833333333,1394251.0833333333,3596768.8333333335,1833830.8333333333,3265326.25,2688551.9166666665,7747425.583333333,11717175.416666666,19464601.25,9783989.0,2376078.6666666665,34557234.333333336,4087612.75,1.00126137945858,42153.33333333209
Conference USA,2015,871.3333333333334,186564.75,33977784.5,0.0,3630979.8333333335,583786.25,876351.4166666666,605805.25,4133958.1666666665,6405486.416666667,5905286.0,4710985.166666667,7125145.25,34156210.916666664,1067829.5,1532331.25,3608866.6666666665,1328283.25,4207555.416666667,2391594.8333333335,8992763.333333334,11026986.75,20019750.166666668,9633150.166666666,2339338.9166666665,33663368.75,2214810.75,1.0052512669466918,178426.41666666418
Conference USA,2016,925.0769230769231,187532.0,34533536.692307696,0.0,3252965.0,581994.0,749638.0769230769,589897.0,4401668.769230769,6464846.846153846,6023711.923076923,4950751.0,7518064.538461538,35670921.384615384,1233647.076923077,1345099.3076923077,4144417.769230769,1418479.1538461538,4423720.076923077,2396059.230769231,8717003.615384616,11992494.923076924,20709498.769230768,10367785.846153846,2411357.5384615385,33600224.0,2534313.3076923075,1.032935656212734,1137384.6923076883
Conference USA,2017,926.0769230769231,187532.0,35098123.15384615,0.0,3058374.076923077,581779.0,804567.3076923077,629108.3076923077,4475581.923076923,6922968.0,6116772.692307692,4948532.230769231,7560439.384615385,35035306.461538464,1280727.8461538462,1336952.3076923077,4015450.3846153845,1179048.7692307692,3944679.153846154,2170942.3846153845,9136584.615384616,11970921.384615384,21107506.0,10924120.23076923,2548357.153846154,29154186.53846154,2383999.230769231,0.9982102549463302,-62816.692307688296
Conference USA,2018,927.0769230769231,187532.0,36500275.307692304,0.0,3390695.4615384615,644346.4615384615,677535.2307692308,651915.9230769231,4712944.538461538,6795034.769230769,6651947.384615385,5160355.230769231,7815500.230769231,35987476.615384616,1251111.0,1464627.5384615385,4349110.461538462,1198746.8461538462,3662271.4615384615,2247724.0,9651106.615384616,12162778.461538462,21813885.153846152,11537748.153846154,2895604.5384615385,27126068.076923076,2126286.230769231,0.9859508267270626,-512798.6923076883
Conference USA,2019,928.0769230769231,187532.0,36693102.15384615,0.0,3336333.769230769,734061.3076923077,673465.5384615385,704191.3846153846,4795476.538461538,7169648.846153846,6855263.153846154,5115241.384615385,7309420.461538462,37151475.538461536,1227117.0,1500607.076923077,4389871.076923077,1694129.1538461538,3448281.3076923075,2195025.923076923,10868890.0,13718924.083333334,22696443.846153848,11443080.23076923,3051926.846153846,30775003.153846152,2199590.5384615385,1.0124920859155904,458373.38461538404
Conference USA,2020,929.0769230769231,187532.0,36000497.692307696,0.0,3113711.230769231,715334.1538461539,714225.2307692308,469921.53846153844,4434864.230769231,7137070.384615385,6942890.307692308,5356105.307692308,7116375.230769231,36699507.0,1333843.0,1534019.6923076923,3827075.6923076925,1482193.5384615385,2791800.5384615385,1972548.076923077,11387836.083333334,14350025.333333334,23758026.153846152,11289048.76923077,3097825.923076923,29788840.692307692,2417596.846153846,1.019416656782544,699009.3076923043
Conference USA,2021,930.0769230769231,187532.0,31783827.692307692,0.0,2125517.923076923,1013986.5384615385,351677.8461538461,111592.76923076923,2901143.769230769,6751465.615384615,6653881.230769231,4933412.0,6941150.0,33416667.076923076,997787.7692307692,1071486.3076923077,3778032.6153846155,731979.8461538461,2880086.3076923075,645350.2307692308,10685973.0,12625971.0,23311944.0,9611630.923076924,2998344.230769231,27093688.53846154,4137874.230769231,1.0513732770144157,1632839.384615384
Independent,2005,952.0,164155.0,,,,,,,,,,,,,,,,,,,,,,,,,,,
Independent,2006,944.5,180595.5,31197523.0,0.0,4799279.0,0.0,1096963.0,1281966.0,5299933.0,2762609.0,7752561.0,8204213.0,0.0,32791829.0,4404959.0,2457058.0,2484813.0,5083841.0,2488027.0,5021546.0,10534081.0,317504.0,10851585.0,8838849.0,0.0,,,1.05110360844994,1594306.0
Independent,2007,945.5,180595.5,30684542.0,0.0,5539016.0,0.0,641543.0,1005247.0,5747201.0,3095074.0,7274351.0,7382108.0,0.0,32206402.0,4284422.0,683299.0,2492346.0,4558370.0,2958855.0,4994334.0,11839390.0,395386.0,12234776.0,8392396.0,2454783.0,0.0,0.0,1.0495969599285528,1521860.0
Independent,2008,946.5,180595.5,31323732.0,0.0,5304858.0,0.0,1500139.0,1342285.0,4302221.0,3048319.0,7569216.0,8256694.0,0.0,36999272.0,5998632.0,1233136.0,4494039.0,3930467.0,2936957.0,5211292.0,12776849.0,417901.0,13194749.0,8397896.0,2791463.0,,,1.1811897764927883,5675540.0
Independent,2009,947.5,180595.5,32798922.0,0.0,6427265.0,0.0,862735.0,1380958.0,4894320.0,6706205.0,7764253.0,4763186.0,0.0,35495542.0,5601343.0,1187570.0,3527079.0,3771454.0,3309986.0,4382980.0,13105564.0,609566.0,13715130.0,8240267.0,2839203.0,8393084.0,0.0,1.0822167265131457,2696620.0
Independent,2010,948.5,180595.5,32041877.0,0.0,5277085.0,0.0,1591916.0,1493578.0,4799998.0,5813729.0,7392007.0,5673564.0,0.0,36862855.0,5916026.0,2276117.0,3716571.0,3367623.0,3641244.0,4806407.0,12494049.0,644819.0,13138868.0,7990703.0,2536184.0,9563495.0,0.0,1.1504586638292134,4820978.0
Independent,2011,949.5,180595.5,33031715.0,0.0,5003019.0,0.0,845896.0,1526503.0,4918295.0,6522592.0,7844833.0,6370577.0,0.0,41369683.0,6476701.0,2730680.0,3356198.0,6127168.0,3825571.0,4686819.0,13569072.0,597473.0,14166546.0,7903964.0,2933217.0,10738835.0,0.0,1.2524231030692776,8337968.0
Independent,2012,950.5,180595.5,31041685.0,0.0,5041011.0,0.0,896019.0,1389716.0,4808422.0,5580743.0,7770696.0,5555078.0,0.0,37175286.0,6189777.0,2699177.0,3043466.0,5187680.0,3094594.0,3786903.0,12556410.0,617280.0,13173690.0,6702275.0,2656089.0,10581619.0,0.0,1.1975923987373753,6133601.0
Independent,2013,951.5,180595.5,32450886.0,0.0,5637818.0,0.0,1239073.0,1258577.0,5729380.0,5393904.0,7940404.0,5251731.0,0.0,43373893.0,7322182.0,3129971.0,4187924.0,4259549.0,3229252.0,8217679.0,12460211.0,567125.0,13027335.0,7621303.0,2773246.0,,,1.3366011948025087,10923007.0
Independent,2014,813.6666666666666,183073.66666666666,35508907.0,0.0,5354893.5,306663.5,1019636.0,1076078.0,5271329.5,6653278.5,7164683.5,4885708.5,3776636.0,38018711.0,3338115.0,2839380.5,3794218.5,3627550.0,2501769.0,3032519.0,16573734.5,2311424.0,18885158.5,9070280.0,2735111.0,4421046.5,818394.5,1.0706809702703606,2509804.0
Independent,2015,945.0,197036.0,42541439.0,0.0,6734189.0,0.0,977480.0,2079019.0,6950994.0,8761545.0,9924537.0,7113674.0,0.0,47104442.0,7555733.0,3731107.0,6781898.0,4569576.0,3284949.0,7124360.0,13522903.0,533917.0,14056819.0,10615947.0,3951206.0,0.0,0.0,1.1072601939957885,4563003.0
Independent,2016,1158.5,181832.5,45975568.5,0.0,3982360.0,232437.5,1169906.5,1729127.0,6633763.0,9973735.0,8839586.5,7572995.0,5841659.0,48853274.0,3950308.5,2570364.5,3983074.0,3487505.5,3996127.5,3816747.0,21834651.5,5214496.0,27049147.5,10801335.5,2816447.0,35332707.0,2570587.5,1.0625920590845983,2877705.5
Independent,2017,1159.5,181832.5,52548936.0,0.0,2975996.0,439608.0,1694671.0,1147712.0,5851853.0,12462417.0,7420456.0,7448727.0,13107495.0,53121801.0,1492677.0,160791.0,2521606.0,3324120.0,2930116.0,1514168.0,31039489.0,10138834.0,41178324.0,11560297.0,1567816.0,67318975.0,5031081.0,1.0109015527926197,572865.0
Independent,2018,1160.5,181832.5,50111922.0,0.0,2590483.0,459584.0,1480905.0,1175962.0,5846108.0,11840304.0,7031049.0,6578965.0,13108563.0,51885171.0,977921.0,581333.0,2626154.0,2401003.0,3416049.0,1390173.0,30349682.0,10142855.0,40492537.0,10815215.0,1673268.0,62118033.0,4916036.0,1.0353857710745957,1773249.0
Independent,2019,1161.5,181832.5,51346858.0,0.0,2718106.0,453493.0,1638598.0,1175110.0,5758966.0,12184929.0,7435296.0,6896123.0,13086238.0,52423477.0,866038.0,795476.0,2705320.0,2524670.0,2651830.0,1616633.0,30897919.0,10365591.0,41263510.0,10967300.0,2078766.0,59211639.0,4840834.0,1.0209675731278436,1076619.0
Independent,2020,1162.5,181832.5,51175950.0,0.0,3930029.0,445730.0,1404523.0,868219.0,5063382.0,12369851.0,8002980.0,6559408.0,12531829.0,51704173.0,397260.0,401547.0,3131127.0,3205851.0,1744394.0,1418836.0,30795026.0,10610132.0,41405158.0,10675075.0,2078611.0,57382589.0,4401069.0,1.0103217038472172,528223.0
Independent,2021,1160.6666666666667,164228.33333333334,51553293.0,0.0,3059634.5,739740.0,52500.0,234122.0,3219731.0,9213901.0,13263191.5,9202169.0,12568304.0,50579241.5,247725.5,3393136.5,2616406.0,236000.0,2809482.0,54176.5,34339781.5,6882533.5,41222315.0,9215508.5,2763143.0,41400084.5,2803321.0,0.9811059305173774,-974051.5
Mid-American Conference,2005,684.8571428571429,185487.35714285713,23480080.64285714,0.0,3298880.6428571427,304432.0714285714,233706.0,480771.9285714286,2159289.3571428573,3383287.1428571427,4073100.5714285714,3325135.0,6221477.928571428,24092538.85714286,1468766.5714285714,705778.2142857143,1714973.7142857143,867569.5,1481147.9285714286,1215954.0714285714,6895284.071428572,9743065.07142857,16638349.142857144,5722837.0,1429662.923076923,51249994.14285714,1067084.0,1.026084161447377,612458.2142857164
Mid-American Conference,2006,677.0769230769231,187902.61538461538,24073420.416666668,0.0,3298199.4166666665,232364.5,196785.83333333334,504430.8333333333,2041726.5833333333,3698233.9166666665,4192014.8333333335,3268321.8333333335,6641342.333333333,24292970.916666668,1785713.6666666667,703250.3333333334,1539156.25,816187.1666666666,1238510.3333333333,1130108.1666666667,8619560.916666666,8460484.166666666,17080045.166666668,5629708.2727272725,1243552.6363636365,18644404.166666668,1089046.875,1.00912003762656,219550.5
Mid-American Conference,2007,678.0769230769231,187902.61538461538,25581998.583333332,0.0,3164856.8333333335,281990.4166666667,367766.5833333333,537651.0,2285843.5833333335,4101398.5833333335,4418708.666666667,3436537.4166666665,6987245.583333333,26285250.666666668,1456869.0833333333,759566.9166666666,1683682.75,1258758.3333333333,1435497.1666666667,1229661.5,8358262.666666667,10102952.666666666,18461215.166666668,6186832.8,1471976.111111111,25337381.5,1585498.0,1.0274901150135902,703252.0833333358
Mid-American Conference,2008,679.0769230769231,187902.61538461538,26129466.666666668,0.0,2653373.4166666665,352809.6666666667,457200.25,543182.9166666666,2488306.0833333335,4259263.583333333,4583453.333333333,3748234.0,7043643.666666667,26580541.833333332,1391610.25,800404.25,2337294.8333333335,1277135.6666666667,1330261.8333333333,1283368.5833333333,9239967.416666666,8920498.916666666,18160466.25,6496168.636363637,1410384.6363636365,24668703.42857143,1782923.875,1.017263083568487,451075.1666666642
Mid-American Conference,2009,680.0769230769231,187902.61538461538,27512532.583333332,0.0,2548765.75,425940.1666666667,479737.6666666667,548996.0,2640172.1666666665,4463576.083333333,5095345.333333333,4306316.666666667,7003682.916666667,27291118.5,1367088.9166666667,768223.75,1483198.6666666667,1170643.0,1359229.25,1317774.5,11040322.25,8784638.083333334,19824960.416666668,6939279.25,1713276.8333333333,27639649.75,1888493.6666666667,0.9919522463930688,-221414.0833333321
Mid-American Conference,2010,681.0769230769231,187902.61538461538,26768905.916666668,0.0,3052646.5,410679.8333333333,622708.0,511852.9166666667,2475744.1666666665,4161575.0,4824086.5,3297900.0,7411712.666666667,28440664.166666668,1312398.0,869807.0833333334,1748441.0833333333,1251502.0833333333,1444539.25,1498785.5,9664309.916666666,10650881.166666666,20315191.166666668,7002829.833333333,1711007.0909090908,31843048.375,2006316.4444444445,1.0624514970915993,1671758.25
Mid-American Conference,2011,682.0769230769231,187902.61538461538,27902264.0,0.0,2962737.1666666665,367632.3333333333,568586.75,502386.4166666667,2512068.8333333335,4274663.5,5170899.75,3945022.5833333335,7598266.583333333,28770483.083333332,1377760.4166666667,848327.1666666666,1560531.1666666667,1387008.8333333333,1630584.0,1165062.0833333333,9810531.333333334,10990678.25,20801209.416666668,7239041.416666667,1773774.0909090908,29741128.09090909,1898943.5833333333,1.0311164385561449,868219.0833333321
Mid-American Conference,2012,678.5,185532.91666666666,29096485.333333332,0.0,3022675.9166666665,429054.75,614334.4166666666,493610.0,2821456.9166666665,4487321.166666667,5473009.0,4016120.8333333335,7738902.666666667,29872033.833333332,1439430.25,902337.4166666666,1585382.8333333333,1364473.6666666667,1876638.6666666667,1460899.4166666667,9926967.583333334,11315904.333333334,21242872.0,7579665.583333333,1877854.25,24952383.1,2028715.9,1.0266543704889168,775548.5
Mid-American Conference,2013,732.4615384615385,184078.76923076922,31062452.153846152,0.0,3135365.846153846,469113.76923076925,630671.6923076923,550283.0,3202171.6923076925,4922243.461538462,5534228.230769231,4498673.923076923,8119701.076923077,31123971.615384616,1393270.3846153845,846948.6153846154,1428096.2307692308,1489144.8461538462,2403190.153846154,1511988.6153846155,10902934.384615384,11148398.461538462,22051332.846153848,7919691.923076923,1822555.2307692308,24136330.0,1754650.923076923,1.0019805088546703,61519.46153846383
Mid-American Conference,2014,733.4615384615385,184078.76923076922,32359593.0,0.0,3319496.153846154,569439.8461538461,533360.0,531476.6153846154,3413229.5384615385,5279284.769230769,5668379.923076923,4690614.615384615,8354311.769230769,32112810.615384616,1407804.6923076923,811734.6923076923,1587448.6923076923,1790422.3076923077,2088766.1538461538,1377412.2307692308,13615065.076923076,9434156.307692308,23049221.46153846,7958506.307692308,1860219.0,27654818.230769232,1745323.3846153845,0.9923737488102714,-246782.38461538404
Mid-American Conference,2015,734.4615384615385,184078.76923076922,34230499.384615384,0.0,3041859.846153846,504824.07692307694,802629.8461538461,594051.0769230769,3534698.5384615385,6299067.076923077,6259034.461538462,4683689.0,8510645.307692308,33724542.23076923,1439008.923076923,796581.3846153846,1933058.8461538462,1326918.923076923,2890932.6153846155,1359758.3846153845,14457368.461538462,9520914.846153846,23978283.230769232,8328825.615384615,2042496.7692307692,24597720.615384616,1665785.1538461538,0.9852191126935895,-505957.1538461521
Mid-American Conference,2016,682.5,185532.91666666666,35050001.25,0.0,3270169.0,667426.1666666666,766603.4166666666,576874.0833333334,3943636.0,6011857.833333333,6303913.75,4641695.5,8867825.583333334,34269736.916666664,1619784.5833333333,936541.0833333334,2079966.3333333333,1601136.9166666667,3371770.6666666665,1562055.1666666667,13321097.666666666,9777384.333333334,23098482.083333332,9248163.0,2177077.4166666665,20002683.916666668,1558354.0,0.9777385362195006,-780264.3333333358
Mid-American Conference,2017,683.5,185532.91666666666,35018142.833333336,0.0,3236456.3333333335,601448.25,829930.0,621806.0,3915196.25,5747297.833333333,6322568.75,4707097.916666667,9036341.333333334,35531904.416666664,1280386.5833333333,988124.3333333334,2085144.5,1448951.3333333333,4472321.833333333,1358529.0,14260759.25,9637687.833333334,23898446.916666668,9609935.416666666,2169276.75,19144611.25,1571791.5833333333,1.014671297269491,513761.58333332837
Mid-American Conference,2018,684.5,185532.91666666666,35269375.666666664,0.0,3373601.5,603767.9166666666,695124.5,640542.0,3668109.8333333335,5766066.416666667,6721916.083333333,4906331.583333333,8893916.0,35443402.083333336,1179842.4166666667,978413.8333333334,2197635.9166666665,1731026.25,3908960.9166666665,1265178.0833333333,16384687.666666666,7797656.833333333,24182344.5,9406711.25,2388347.0833333335,20078015.083333332,1685425.3333333333,1.004934207464045,174026.41666667163
Mid-American Conference,2019,685.5,185532.91666666666,35803643.5,0.0,3725217.5833333335,499471.0833333333,759028.5833333334,683915.5833333334,3834506.4166666665,5538715.666666667,6812638.166666667,5345523.666666667,8604626.833333334,36093933.083333336,1291451.1666666667,1202433.4166666667,2953036.4166666665,2045555.6666666667,3637839.8333333335,1309514.4166666667,15882632.0,13322520.285714285,23654102.083333332,9844361.333333334,2515537.9166666665,26473164.125,2464251.875,1.0081078224157085,290289.5833333358
Mid-American Conference,2020,686.5,185532.91666666666,32691451.75,0.0,2520514.0,569872.25,640571.5,423321.5,3360387.25,4915131.75,6758473.5,5217190.583333333,8285989.25,35527128.25,891206.0833333334,944669.75,1819799.5833333333,2161294.5,2904912.5833333335,1287791.9166666667,18112045.75,12694985.714285715,25517454.083333332,8931445.5,2491128.5,17796560.875,2210029.625,1.0867406110222682,2835676.5
Mid-American Conference,2021,687.5,185532.91666666666,25837791.583333332,0.0,1390154.4166666667,673438.75,19358.333333333332,99063.66666666667,1462963.4166666667,4189588.5833333335,6108476.333333333,4366724.0,7528024.083333333,25462818.5,518127.75,492185.0833333333,1288525.5833333333,91403.75,2972973.5,41850.5,14134363.75,5923388.583333333,20057752.333333332,6415997.0,2325023.75,10814128.916666666,1301202.5,0.985487417447271,-374973.0833333321
Mountain West Conference,2005,1185.142857142857,174187.42857142858,29782825.42857143,0.0,4488104.142857143,449959.5714285714,667686.8571428572,606351.5714285715,4129904.0,3048138.285714286,6356510.571428572,5128782.428571428,4907388.142857143,31667328.85714286,2422905.4285714286,1692792.5714285714,3657262.0,725100.2857142857,5711413.0,5514754.428571428,8965706.142857144,2977394.5714285714,11943100.857142856,7114309.0,2263989.0,6177370.8,657652.8,1.0632748371403198,1884503.428571429
Mountain West Conference,2006,1186.142857142857,174187.42857142858,35260073.571428575,0.0,5691796.0,582837.4285714285,504728.14285714284,800872.4285714285,4525490.285714285,5509907.428571428,6960024.142857143,5972331.714285715,4712085.285714285,34647759.14285714,2810968.8571428573,2262518.285714286,4436555.571428572,547803.7142857143,3754971.8571428573,5959821.0,11534300.57142857,3340819.5714285714,14875120.285714285,7702129.285714285,2569183.8571428573,5667089.166666667,553531.5,0.9826343405855059,-612314.4285714328
Mountain West Conference,2007,1187.142857142857,174187.42857142858,35171713.85714286,0.0,6198998.714285715,464869.4285714286,812353.1428571428,732773.0,4339891.571428572,4259214.285714285,7261985.142857143,6213001.428571428,4888627.285714285,35453239.571428575,3164378.4285714286,2720480.1428571427,3868619.1428571427,585804.1428571428,3938012.285714286,6191339.285714285,11797212.42857143,3187393.285714286,14984605.57142857,8043917.0,2671508.285714286,5845574.166666667,6091727.166666667,1.00800432175211,281525.7142857164
Mountain West Conference,2008,1188.142857142857,174187.42857142858,38430995.85714286,0.0,7152361.857142857,485197.28571428574,941518.4285714285,736245.7142857143,4571767.285714285,4901962.285714285,7743828.571428572,6660542.571428572,5237571.428571428,38266240.71428572,3056420.1428571427,3266212.8571428573,4256633.142857143,369538.71428571426,3950521.4285714286,6331779.428571428,13690454.285714285,3344681.0,17035135.57142857,8869713.42857143,2818268.1428571427,24045666.714285713,941540.5714285715,0.9957129619157001,-164755.1428571418
Mountain West Conference,2009,1189.142857142857,174187.42857142858,41407295.428571425,0.0,6731696.0,492931.14285714284,864222.5714285715,885122.1428571428,5283402.285714285,5461156.571428572,8403814.0,7470306.857142857,5814643.428571428,41004790.71428572,2945120.8571428573,3795098.285714286,4815011.857142857,641295.8571428572,4979535.142857143,6131468.857142857,14295085.57142857,3402174.1428571427,17697260.0,10336283.57142857,3277532.8571428573,22631239.85714286,1241140.5714285714,0.9902793768557031,-402504.71428570896
Mountain West Conference,2010,1190.142857142857,174187.42857142858,43991809.85714286,0.0,5815109.285714285,484138.5714285714,1004065.0,832066.7142857143,4702532.285714285,7338928.857142857,8220216.428571428,9433746.857142856,6161005.571428572,43624512.28571428,2779879.4285714286,3998104.8571428573,4078207.4285714286,615595.2857142857,4410657.0,5923517.285714285,17443539.0,4375012.0,21818550.57142857,10213845.714285715,3098417.8571428573,27820028.0,1225231.4285714286,0.991650773800366,-367297.5714285746
Mountain West Conference,2011,1191.142857142857,174187.42857142858,45959160.14285714,0.0,6064620.142857143,526414.4285714285,897738.1428571428,806962.5714285715,4617859.0,8526719.714285715,8596670.857142856,9657106.714285715,6265067.857142857,48168054.0,2828608.1428571427,4218132.0,6228098.428571428,939994.8571428572,4981134.571428572,6554402.714285715,17878753.85714286,4538929.571428572,22417683.14285714,10596675.285714285,3149762.4285714286,20259119.57142857,1830767.142857143,1.0480621023159875,2208893.857142858
Mountain West Conference,2012,959.0,161523.2857142857,48725474.85714286,0.0,5713002.571428572,503853.85714285716,1081829.2857142857,784084.1428571428,4761596.142857143,10609759.142857144,9038482.0,9738279.857142856,6494587.857142857,48742021.85714286,3595842.714285714,4521325.857142857,5505815.142857143,1041230.7142857143,4751372.571428572,6387293.0,18871215.714285713,4067926.1428571427,22939141.85714286,12383784.285714285,3550201.0,25479788.714285713,1459558.857142857,1.0003395964851756,16547.0
Mountain West Conference,2013,954.9,156508.3,46438567.4,0.0,5440637.9,523927.0,1196769.6,757335.9,5027277.5,9037385.1,8851913.4,8742633.0,6860687.8,45606561.2,2727654.7,3925504.9,6596307.0,1081221.8,4210464.0,6268154.7,16814472.2,3982782.3,20797254.2,11091105.3,3538484.9,27320032.2,1799920.7,0.9820837237972161,-832006.1999999955
Mountain West Conference,2014,1007.75,159880.5,43344836.916666664,0.0,5329597.166666667,598676.25,1007848.4166666666,755457.6666666666,4904156.75,7626928.333333333,8738400.333333334,7511973.916666667,6871798.0,43949877.416666664,2597569.8333333335,3073456.9166666665,6908177.666666667,989997.0833333334,4515407.416666667,5968825.5,15351669.5,4544773.583333333,19896443.166666668,11400960.166666666,3609414.75,24149931.75,1983882.1666666667,1.0139587674805013,605040.5
Mountain West Conference,2015,1008.75,159880.5,45058995.75,0.0,5663268.416666667,799850.0833333334,1090894.25,786413.8333333334,5122746.583333333,7487718.083333333,9014846.25,7798469.833333333,7294788.25,44987852.0,2575101.0,3117431.25,6241307.333333333,1324979.9166666667,5721980.416666667,5493158.5,15804688.5,4709205.166666667,20513893.5,11614033.833333334,3629312.8333333335,45053510.166666664,1794329.75,0.9984210977449491,-71143.75
Mountain West Conference,2016,1009.75,159880.5,46817410.18181818,0.0,5817628.090909091,786809.6363636364,1213873.4545454546,807351.1818181818,5690083.090909091,7665792.636363637,8695738.363636363,7360118.0,8780016.0,46431485.36363637,2635417.909090909,3409579.727272727,7443923.7272727275,1311260.0909090908,5846665.181818182,5479994.545454546,15158105.545454545,5146538.545454546,20304644.181818184,12726065.090909092,3434455.090909091,49524424.54545455,3120202.0,0.9917568097704882,-385924.81818181276
Mountain West Conference,2017,1010.75,159880.5,47772864.916666664,0.0,5344171.25,828331.4166666666,1243961.3333333333,885865.1666666666,5498477.083333333,7705634.333333333,9267624.75,8855937.833333334,8142861.833333333,48908759.583333336,3056071.0833333335,3707780.5833333335,8016868.0,1072857.8333333333,6107526.916666667,4945845.5,17243245.25,4758564.333333333,22001809.333333332,13181214.166666666,3616718.75,46533510.416666664,2863771.0833333335,1.023776984458606,1135894.6666666716
Mountain West Conference,2018,1011.75,159880.5,49981052.416666664,0.0,5819615.333333333,784707.25,1168789.0833333333,915837.5,5849863.666666667,8312657.916666667,9668971.25,9232986.166666666,8227624.0,50188216.083333336,3015302.5833333335,4101693.5833333335,7154524.5,1547614.8333333333,5851881.25,5261804.416666667,18490745.916666668,4764649.0,23255395.0,14239484.916666666,3821744.9166666665,41011262.083333336,2621325.9166666665,1.0041448440288863,207163.66666667163
Mountain West Conference,2019,1012.75,159880.5,50511840.416666664,0.0,5598550.333333333,837050.25,1146716.6666666667,961965.5833333334,5778773.916666667,8606031.916666666,9951212.583333334,9229322.5,9154714.818181818,50897669.916666664,2893876.8333333335,4262351.0,7610287.25,1245305.0833333333,5650356.0,5394799.916666667,19060603.916666668,4780089.583333333,23840693.583333332,14906716.0,3989478.3333333335,42562240.36363637,3185951.9,1.007638397191972,385829.5
Mountain West Conference,2020,1013.75,159880.5,50391821.75,0.0,5128460.0,739865.25,1208704.4166666667,668999.8333333334,5235435.916666667,9160697.666666666,10238038.333333334,9959421.333333334,8784216.727272727,50113017.583333336,2275438.25,4052170.1666666665,7045444.083333333,1235691.0,4657154.416666667,5205230.833333333,20757129.083333332,4884759.916666667,25641889.0,15033745.833333334,4404343.916666667,40665260.54545455,3115800.9,0.9944672735181148,-278804.1666666642
Mountain West Conference,2021,1014.75,159880.5,42338467.333333336,0.0,3344469.5833333335,754690.5,192951.91666666666,183400.33333333334,2906527.75,8563670.166666666,9644209.583333334,8953069.25,7795478.25,42955581.333333336,1291961.6666666667,2111749.3333333335,5471239.0,121696.25,5150891.25,104960.75,24249267.5,4453815.583333333,28703083.083333332,12032263.166666666,4136485.8333333335,32728710.25,2762844.5833333335,1.0145757283829249,617114.0
Pacific-12 Conference,2005,1122.0,165325.875,56854225.0,0.0,10296193.5,1075231.625,2976435.375,960319.25,6949301.75,6178764.125,9363003.25,10170210.625,8884765.375,55448482.625,4475064.125,4192962.75,12821743.625,1820584.5,11911706.625,13448062.75,5394385.875,1383972.375,6778358.0,14040346.57142857,3392710.0,26580613.4,1933910.4,0.9752746189926957,-1405742.375
Pacific-12 Conference,2006,1123.0,165325.875,62778814.25,0.0,10720026.75,934991.875,2872697.875,1072652.375,7193065.375,10346435.5,10063952.625,10405489.75,9169502.375,63217720.75,5533042.625,4644082.625,14267855.0,2250984.375,12235792.5,14841176.25,8059340.125,1385447.625,9444787.75,14993654.625,3657199.5,26317053.166666668,1776868.857142857,1.0069913155455943,438906.5
Pacific-12 Conference,2007,1124.0,165325.875,66569308.375,0.0,11240269.75,888620.75,3230546.25,1069484.0,8399363.625,9842199.625,11037994.625,11399607.875,9461221.75,68811526.625,6786656.25,5459516.875,15906743.25,1863738.125,12712302.25,16487460.0,8425752.5,1169357.375,9595109.875,16585150.57142857,4174399.125,7976493.5,897213.5,1.033682462755495,2242218.25
Pacific-12 Conference,2008,1125.0,165325.875,68133871.125,0.0,11758909.875,1049802.625,2904493.125,1056175.875,8820099.0,9758795.125,11431677.25,11660883.625,9693034.875,69904122.125,5903013.0,5503872.0,16235314.25,2387955.0,13534290.125,18510823.125,6694863.125,1133991.25,7828854.5,17774498.375,4140291.25,67449420.0,2631853.0,1.0259819524528742,1770251.0
Pacific-12 Conference,2009,1126.0,165325.875,72405099.125,0.0,12263702.875,1003397.625,3369899.0,1097297.25,9061513.25,9917393.0,12793257.375,12418076.25,10480561.875,70588118.875,5492256.375,6118202.125,15878673.25,1804751.375,13670818.0,19160976.625,6936290.625,1526150.5,8462441.25,19318649.25,4614655.0,75890411.57142857,2672956.625,0.974905355120595,-1816980.25
Pacific-12 Conference,2010,1127.0,165325.875,73978777.5,0.0,11153071.0,1157880.125,3130660.125,1105944.25,8314698.0,11953505.875,13175742.0,12930984.375,11056291.875,81897841.75,6735875.375,8393120.25,24547893.625,2569499.625,13239977.375,17534207.875,7254587.5,1622680.125,8877267.625,18827898.125,4770535.625,72070748.57142857,4375892.5,1.1070450812734773,7919064.25
Pacific-12 Conference,2011,1128.0,165325.875,72826604.375,0.0,10201124.125,1064391.125,3148385.0,1118323.375,8247267.375,10881234.0,14165951.125,13067413.875,10932514.875,74955923.25,7566453.875,8665229.375,16273074.625,1995720.0,13591377.75,17147479.0,8191037.5,1525551.25,9716588.75,19445190.25,5353670.875,69269505.14285715,4893873.25,1.0292382006997838,2129318.875
Pacific-12 Conference,2012,1188.5,167998.5,76714128.9,0.0,10588148.9,1124132.7,2562832.0,1238796.7,8295860.5,13778339.9,14552640.8,13495517.1,11077860.0,77587162.0,6257830.9,8313550.8,19893039.4,2221873.2,14525653.7,15888657.9,8383417.4,2103138.9,10486556.1,22168394.7,6121042.7,69002520.2,5054026.7,1.0113803430022392,873033.099999994
Pacific-12 Conference,2013,1189.5,167998.5,82730622.6,0.0,13265538.8,1138290.8,1801787.8,1322833.4,9372138.2,12941676.1,15794556.5,15344791.6,11749009.0,85000426.9,7404642.7,7023193.7,21393423.1,378077.8,23158631.1,17565576.5,6129859.9,1947022.2,8076881.9,22963387.3,6837096.4,168244308.0,8523870.9,1.0274360838667254,2269804.300000012
Pacific-12 Conference,2014,1190.5,167998.5,91463722.9,0.0,13870729.9,1205114.6,1713299.3,1346234.8,9926164.4,18819028.7,16531874.1,16180569.9,11870707.3,101419151.2,7772072.4,8134330.2,32484228.5,575808.1,25840308.9,17932359.7,6744873.9,1935169.2,8680043.4,26020659.8,7080082.2,171411438.4,9191077.7,1.1088456492295264,9955428.299999997
Pacific-12 Conference,2015,1191.5,167998.5,94632049.3,0.0,11866082.1,1277757.7,1630819.9,1464298.8,10278264.1,21251684.9,17708551.1,16975405.2,12179185.8,92895124.5,7459914.6,9140661.6,18362879.7,1090786.5,30633734.8,17948180.7,5229927.0,3029039.9,8258966.8,27165946.0,7632604.0,192603671.0,10291864.3,0.9816454910059736,-1736924.799999997
Pacific-12 Conference,2016,1192.5,167998.5,101671846.4,0.0,11816608.0,1382654.6,1862589.4,1526373.3,11540543.1,23304590.8,19145239.1,17616224.9,13477023.5,97958338.4,8811250.6,11223158.8,17855104.3,866301.8,33911737.0,17257540.4,5072042.3,2961203.3,8033245.7,28963068.0,8055171.8,185490183.0,12063933.1,0.963475552658007,-3713508.0
Pacific-12 Conference,2017,1193.5,167998.5,107438736.0,0.0,13127704.7,1431550.9,1734375.0,1594638.2,11806657.3,24866033.7,19813864.8,19432658.4,13631253.2,108661839.1,8337940.9,12354847.1,23355630.4,964253.1,37263133.6,18311008.4,5265971.4,2809054.5,8075025.6,29718286.8,8469568.4,195647633.8,11502322.3,1.0113841910798353,1223103.099999994
Pacific-12 Conference,2018,1194.5,167998.5,114099556.0,0.0,13016443.8,1515497.9,1809728.5,1672297.7,12011478.8,26584482.5,20934813.3,22955810.7,13599003.4,109202096.2,8794516.5,16524670.9,20726311.5,455778.8,36481890.7,17632192.6,5731614.0,2855121.0,8586734.9,34363726.5,9381454.777777778,191517626.2,11027883.6,0.9570773106251176,-4897459.799999997
Pacific-12 Conference,2019,1195.5,167998.5,113014895.7,0.0,13182661.6,1514004.9,1927705.5,1840972.8,12668562.6,25022173.6,21331219.7,21610900.7,13916694.0,109404129.8,7813123.4,14542191.6,21425113.2,991108.1,37436570.9,17595952.1,6740284.7,3574732.125,9600070.3,32255093.0,9194052.4,184101943.1,10711144.1,0.9680505310593318,-3610765.900000006
Pacific-12 Conference,2020,1196.5,167998.5,107917826.7,0.0,11821094.6,1416253.7,1801732.4,1354414.5,11032848.1,23851003.8,21650823.5,21283859.4,13705796.5,133685284.0,7459111.0,15243924.8,45582691.5,764887.0,37164901.8,17068188.1,7409179.5,3740500.375,10401579.6,32618104.8,9639020.7,178712348.2,9823373.777777778,1.2387692384839324,25767457.299999997
Pacific-12 Conference,2021,1197.5,167998.5,86346218.7,0.0,7759452.8,1804483.6,266770.6,462846.7,5399182.2,17723896.3,21276555.0,18265230.6,13387800.9,74558276.8,5417074.3,9504117.5,17996092.2,35290.0,21995731.8,155856.2,16665667.4,2788447.4,19454114.8,22298187.5,9509575.3,188460948.3,8229618.4,0.8634805081510766,-11787941.900000006
Southeastern Conference,2005,939.6363636363636,153735.45454545456,71400924.81818181,0.0,10459754.454545455,880291.8181818182,3000736.090909091,1346109.8181818181,7726793.545454546,15121954.181818182,11828569.181818182,12939133.636363637,8097582.181818182,75784639.27272727,6995366.181818182,4005878.4545454546,20572182.272727273,1459961.9090909092,16619079.727272727,22745996.181818184,1513307.1818181819,1872867.5454545454,3386174.727272727,16885665.363636363,4671395.636363637,78249019.2,7363759.6,1.0613957657510504,4383714.454545453
Southeastern Conference,2006,940.6363636363636,153735.45454545456,75169605.81818181,0.0,11459562.363636363,1049163.8181818181,2919749.272727273,1455130.7272727273,8097466.7272727275,17072164.545454547,12116076.0,12609052.636363637,8391239.545454545,79613516.0909091,7948825.454545454,3763634.8181818184,22392979.545454547,1435330.5454545454,18646316.90909091,22201696.636363637,1212023.2727272727,2012708.6363636365,3224731.8181818184,17828691.636363637,4556871.545454546,96947353.2,6029135.333333333,1.0591184458712752,4443910.272727281
Southeastern Conference,2007,941.6363636363636,153735.45454545456,84616067.9090909,0.0,13640655.181818182,1040854.5454545454,2778647.727272727,1475011.3636363635,8852437.727272727,19971507.727272727,13969426.181818182,14016371.818181818,8871155.818181818,92433116.72727273,10170500.727272727,5543248.363636363,25530226.90909091,458767.0909090909,19993406.90909091,26362913.181818184,1723507.0909090908,2650546.6363636362,4374053.7272727275,21251799.636363637,5341662.818181818,107335610.57142857,6346928.142857143,1.0923825581989965,7817048.818181828
Southeastern Conference,2008,942.6363636363636,153735.45454545456,92797811.45454545,0.0,17883188.90909091,1100523.1818181819,2573665.272727273,1477194.6363636365,9111139.818181818,21690495.636363637,14800251.363636363,14931396.272727273,9229956.090909092,98593613.72727273,11725785.363636363,5430523.909090909,27245269.272727273,646099.3636363636,20069249.727272727,28036183.545454547,3102544.3636363638,2337957.8181818184,5440502.454545454,21561983.272727273,6077379.818181818,106304933.2,7870178.0,1.0624562388043624,5795802.272727281
Southeastern Conference,2009,943.6363636363636,153735.45454545456,96939890.45454545,0.0,14142087.727272727,1217891.7272727273,2783762.909090909,1609532.1818181819,9931916.727272727,22964259.09090909,16020669.727272727,18377772.272727273,9891998.181818182,99134526.45454545,7802232.181818182,5669276.7272727275,28025536.727272727,603395.1818181818,22564344.0,29514337.09090909,2560472.3636363638,2394932.6363636362,4955405.0,25593950.636363637,6930393.090909091,116866581.81818181,9136957.181818182,1.022639142562566,2194636.0
Southeastern Conference,2010,944.6363636363636,153735.45454545456,101451840.45454545,0.0,16586970.363636363,1322482.1818181819,2654003.727272727,1643170.4545454546,10534121.090909092,23276822.0,17742912.90909091,17132512.727272727,10558845.0,110515037.45454545,10348269.363636363,5665516.7272727275,28470215.636363637,551156.7272727273,30470328.636363637,30010012.363636363,2663753.3636363638,2335784.4545454546,4999537.909090909,25813238.818181816,7868000.181818182,125223856.63636364,11112721.272727273,1.0893349687831506,9063197.0
Southeastern Conference,2011,945.6363636363636,153735.45454545456,101224245.27272727,0.0,13221733.454545455,1315324.0,2860209.3636363638,1684336.9090909092,11040404.818181818,23428954.272727273,18784867.90909091,18181881.727272727,10706533.0,112205023.36363636,9720325.090909092,5995008.545454546,30329958.727272727,400939.8181818182,31572308.545454547,30736264.545454547,1262151.5454545454,2188066.727272727,3450218.272727273,27628511.636363637,8666312.0,127740726.81818181,12107732.818181818,1.1084797230280523,10980778.090909094
Southeastern Conference,2012,946.6363636363636,153735.45454545456,104483841.36363636,0.0,13994177.272727273,1515194.0909090908,3261450.1818181816,1824144.7272727273,11167170.909090908,23602493.90909091,19066848.272727273,19015958.90909091,11036403.090909092,113557329.0,8143695.818181818,6702320.363636363,31913019.545454547,724816.5454545454,31989630.818181816,30912405.09090909,1191077.0909090908,1980363.8181818181,3171440.8181818184,27418338.727272727,8199246.818181818,123962617.72727273,9852210.636363637,1.0868410609520478,9073487.63636364
Southeastern Conference,2013,971.7692307692307,161400.6923076923,107183479.84615384,0.0,15587070.923076924,1381935.7692307692,3348668.769230769,1861696.923076923,11394164.615384616,22331224.0,19479475.923076924,20585901.46153846,11213341.384615384,116051045.15384616,10398829.307692308,7418152.538461538,29559782.923076924,537826.3846153846,31573722.384615384,32574551.53846154,2259211.846153846,1728968.1538461538,3988180.0,30163629.615384616,8667657.923076924,112515293.61538461,10514178.846153846,1.0827325752104746,8867565.30769232
Southeastern Conference,2014,972.7692307692307,161400.6923076923,111519715.23076923,0.0,16852107.46153846,1467371.0,3257971.6923076925,1941573.4615384615,12441321.923076924,22728278.46153846,20647612.384615384,20318947.307692308,11864531.538461538,120593531.3076923,11913530.923076924,8110433.461538462,33400389.769230768,708156.7692307692,31343585.230769232,31865177.230769232,1569364.076923077,1682894.1538461538,3252258.076923077,32545747.307692308,9265884.307692308,147992761.23076922,10608637.076923076,1.0813651295481386,9073816.076923072
Southeastern Conference,2015,973.7692307692307,161400.6923076923,121307000.92307693,569148.5384615385,14995796.846153846,1540660.8461538462,3358659.4615384615,2034302.8461538462,12799788.538461538,27742732.230769232,23064296.923076924,22422193.076923076,12779421.23076923,140067755.76923078,9742403.692307692,9700227.923076924,40548055.538461536,840440.6153846154,42650503.07692308,35071718.84615385,533985.5384615385,980420.6923076923,1514406.2307692308,33968506.23076923,10888261.923076924,142169634.69230768,9926504.76923077,1.1546551699687178,18760754.846153855
Southeastern Conference,2016,974.7692307692307,161400.6923076923,134153079.84615384,1893775.1538461538,15479278.923076924,1594203.3846153845,3770680.076923077,2336410.076923077,15506887.615384616,31793197.923076924,23812802.230769232,23752092.769230768,14213751.307692308,150075371.84615386,10021308.76923077,10075192.384615384,38295796.07692308,1722684.0,52610284.692307696,35913145.307692304,555902.1538461539,881058.0,1436960.076923077,37926084.461538464,11291410.615384616,159636029.84615386,12991092.384615384,1.1186874875944677,15922292.000000015
Southeastern Conference,2017,975.7692307692307,161400.6923076923,139874038.07692307,2041403.0,15231389.076923076,1711135.1538461538,3562794.5384615385,2433854.769230769,16362148.384615384,34118367.692307696,24945697.384615384,24696120.846153848,14771127.384615384,157005926.07692307,10466807.538461538,11023327.923076924,42288601.0,1771781.0,55394116.07692308,34767599.692307696,543789.1538461539,749903.6153846154,1293692.7692307692,39449167.0,11566342.461538462,167821841.69230768,13095766.153846154,1.1224808280045393,17131888.0
Southeastern Conference,2018,976.7692307692307,161400.6923076923,146645602.6153846,1418695.923076923,16519351.076923076,1731030.0,3486211.0,2703550.076923077,16668166.615384616,33633659.538461536,26581729.53846154,29180723.615384616,14722484.692307692,156954741.15384614,10857584.615384616,10832683.384615384,42585655.461538464,1980174.0,54914558.84615385,34288994.0,602227.3076923077,892863.2307692308,1495090.5384615385,43604208.384615384,12717995.153846154,164214735.30769232,13360492.923076924,1.0702996772804696,10309138.538461536
Southeastern Conference,2019,977.7692307692307,161400.6923076923,148669676.3846154,1871053.6666666667,17532228.46153846,1618728.923076923,3922647.0,3059445.846153846,17021309.846153848,33810493.07692308,28021109.0,26754341.230769232,15202246.153846154,156583429.30769232,12463857.153846154,11856624.23076923,37860989.07692308,1922491.5833333333,56422644.461538464,34753724.92307692,837899.0,1886945.0,1886276.1,43443644.76923077,13513550.076923076,158375657.46153846,14221689.384615384,1.0532304442676237,7913752.923076928
Southeastern Conference,2020,978.7692307692307,161400.6923076923,144746267.23076922,1747650.8333333333,15427625.0,1612260.3846153845,4052374.6923076925,2305239.230769231,14202379.23076923,34005996.307692304,29136109.076923076,27944559.923076924,14446507.307692308,152480126.53846154,12406408.384615384,9998497.0,35467207.615384616,1786596.7272727273,57325308.92307692,33918896.92307692,1368594.2222222222,1959931.8333333333,2407693.9,43450595.23076923,14606398.23076923,159311770.53846154,21018516.0,1.053430457694375,7733859.307692319
Southeastern Conference,2021,979.7692307692307,161400.6923076923,126124250.61538461,457993.3076923077,11998325.615384616,3220567.923076923,424649.92307692306,506039.92307692306,10656390.692307692,29816792.153846152,26934553.307692308,28465760.230769232,13643177.538461538,135978872.76923078,8136143.461538462,9037106.461538462,22934304.923076924,87794.30769230769,82818755.92307693,7993682.230769231,4063871.923076923,907213.5384615385,4971085.461538462,36829619.92307692,13375728.153846154,150730989.0,13267445.23076923,1.0781342375139085,9854622.153846174
Sun Belt Conference,2005,760.75,155661.375,16157142.5,0.0,1661984.125,358264.125,442286.625,274483.25,2199483.625,1684193.125,2954683.375,2266863.0,4314901.875,15326991.0,456547.375,489414.75,1757001.75,1390858.5,897918.25,776391.25,4739347.375,4819511.75,9558859.25,4729572.875,1215387.0,6956354.285714285,365260.0,0.9486201535946099,-830151.5
Sun Belt Conference,2006,761.75,155661.375,16897163.5,0.0,1786473.75,356224.25,578629.125,300232.625,2121667.0,2102691.0,3184670.125,2260156.75,4206419.625,15863391.125,645145.625,533855.25,1208706.625,1684387.25,893074.0,966666.5,4667220.25,5264335.875,9931555.875,4989745.25,1390911.5714285714,7104361.0,590812.0,0.9388197684777093,-1033772.375
Sun Belt Conference,2007,762.75,155661.375,18341879.375,0.0,1869628.875,367747.25,619860.5,319742.75,2450179.875,2382084.375,3320159.0,2614574.5,4397902.625,17199243.25,653742.875,422416.75,1387962.5,2167780.375,1017304.875,944344.875,5258565.75,5347125.125,10605690.75,5596600.625,1345366.125,11967046.6,679740.8,0.9377034325851356,-1142636.125
Sun Belt Conference,2008,887.0,155915.77777777778,18990121.333333332,0.0,1882614.5555555555,383395.22222222225,570901.1111111111,367392.77777777775,2519899.3333333335,2676172.3333333335,3481718.888888889,2557302.4444444445,4550724.777777778,18220520.222222224,714585.5555555555,476899.8888888889,1410039.7777777778,1975234.3333333333,972491.8888888889,1132716.3333333333,5880086.666666667,5658465.444444444,11538552.222222222,5258771.375,1405617.5714285714,2274200.6666666665,240063.0,0.9594736074824215,-769601.1111111082
Sun Belt Conference,2009,888.0,155915.77777777778,20390999.444444444,0.0,1959746.111111111,431988.1111111111,554706.8888888889,376842.55555555556,2784642.0,3115056.6666666665,3592612.777777778,2719549.5555555555,4855854.333333333,19257808.888888888,584779.7777777778,499832.0,1333798.888888889,2325905.111111111,1064085.0,1181878.0,6044641.666666667,6222888.333333333,12267530.0,5954351.333333333,1426893.111111111,21613115.333333332,1301961.857142857,0.9444269243082984,-1133190.555555556
Sun Belt Conference,2010,889.0,155915.77777777778,20854858.555555556,0.0,1841691.6666666667,418923.77777777775,613328.8888888889,360775.22222222225,2767745.222222222,2785996.5555555555,3933991.777777778,2807769.4444444445,5324635.888888889,19444942.888888888,596545.2222222222,539508.6666666666,1334233.0,2251021.888888889,1209167.5555555555,1196679.7777777778,5867910.777777778,6449875.888888889,12317786.777777778,6077509.666666667,1535879.3333333333,23780021.285714287,1543636.625,0.9323938993443291,-1409915.666666668
Sun Belt Conference,2011,890.0,155915.77777777778,21359274.555555556,0.0,1798854.3333333333,433887.6666666667,589655.2222222222,398479.0,2797698.777777778,3146446.0,4109503.3333333335,2822931.888888889,5261818.444444444,21118905.666666668,687763.6666666666,598850.5555555555,1999353.7777777778,2375807.5555555555,1260369.5555555555,1203487.5555555555,6132978.0,6860295.222222222,12993272.888888888,6429074.555555556,1745194.7777777778,17745518.555555556,1313653.4444444445,0.9887463926612448,-240368.88888888806
Sun Belt Conference,2012,891.0,155915.77777777778,24433876.555555556,0.0,1984094.5555555555,458102.8888888889,752923.8888888889,418136.1111111111,3069373.4444444445,4510042.666666667,4359951.777777778,3260953.111111111,5620298.333333333,23651463.0,877203.2222222222,730204.7777777778,2145429.3333333335,2115102.222222222,1230057.111111111,1588635.0,7268604.888888889,7696226.888888889,14964831.777777778,8169186.444444444,1899460.0,33587724.88888889,2108829.4444444445,0.9679783290311477,-782413.555555556
Sun Belt Conference,2013,949.1818181818181,157617.72727272726,26399410.818181816,0.0,2473389.4545454546,433637.9090909091,706349.0909090909,468056.36363636365,3067941.3636363638,5268668.545454546,4722014.454545454,3405407.5454545454,5853945.909090909,27040738.90909091,997775.6363636364,761326.7272727273,2766474.5454545454,2006301.4545454546,1368747.8181818181,1487616.4545454546,8904718.818181818,8747777.545454545,17652496.363636363,8382509.909090909,1993514.0,46452753.18181818,2376181.909090909,1.0242932728812038,641328.0909090936
Sun Belt Conference,2014,1024.75,144740.125,26498115.875,0.0,2589913.375,434862.75,788097.75,485718.125,3269082.375,4426101.5,4914511.5,3502668.625,6087160.25,26940832.375,1183615.625,786532.125,2813345.25,2059909.25,1798131.125,1586001.875,9219752.0,7493545.125,16713297.0,8064765.25,2076651.875,33246450.75,1980123.875,1.0167074709042874,442716.5
Sun Belt Conference,2015,718.9,152580.0,29315093.0,0.0,3660613.5,461834.9,557465.3,446106.6,3435916.2,5558448.9,5139699.1,3828333.3,6226675.8,29964817.9,1173111.6,1008987.7,3155362.3,2145355.0,2219683.1,1399885.4,10250715.0,8611717.5,18862432.5,8777764.0,2193317.0,28350526.5,1698664.4,1.0221634944156581,649724.8999999985
Sun Belt Conference,2016,719.9,152580.0,32086820.3,0.0,4981069.8,458444.3,503480.2,454193.7,3650250.5,6047330.3,5402097.6,3921825.8,6668128.3,32645406.6,2957471.4,932047.9,2785369.4,1922373.3,2617057.5,1384983.2,11378800.5,8667303.4,20046104.0,9099428.5,2340226.9,29403849.1,1967451.6,1.0174085900309666,558586.3000000007
Sun Belt Conference,2017,671.9090909090909,158593.0909090909,32869803.636363637,0.0,3943073.5454545454,435176.9090909091,558501.0909090909,453458.45454545453,3651867.5454545454,7064452.7272727275,6105298.2727272725,3515013.3636363638,7142961.363636363,33869552.09090909,1403826.4545454546,1173405.1818181819,3365218.0,2139769.1818181816,3353454.6363636362,1498907.6363636365,12616817.363636363,8318153.7272727275,20934971.0,9910398.272727273,2539169.090909091,22704488.636363637,1722035.3636363635,1.0304154069676108,999748.4545454569
Sun Belt Conference,2018,672.9090909090909,158593.0909090909,33935606.81818182,0.0,4021475.5454545454,436339.45454545453,420946.45454545453,474575.0909090909,3542592.727272727,7423877.363636363,6001203.181818182,4394075.090909091,7220521.909090909,34888483.45454545,1768974.0,1258104.5454545454,4142744.1818181816,2090703.3636363635,2593596.272727273,1474579.0,13233560.272727273,8326221.454545454,21559782.0,10347722.0,2669533.909090909,25931654.90909091,2028885.1818181819,1.0280789626503188,952876.636363633
Sun Belt Conference,2019,673.9090909090909,158593.0909090909,35120725.27272727,0.0,3846961.6363636362,431633.2727272727,579854.7272727273,522275.63636363635,3775849.1818181816,7708271.818181818,6250355.181818182,4544213.090909091,7442669.636363637,34329280.27272727,1473066.1818181819,1349333.1818181819,3328919.8181818184,1923760.1818181819,2778611.8181818184,1447842.0,13829752.909090908,8197994.090909091,22027746.90909091,10420098.909090908,2758675.4545454546,43015797.333333336,2962956.222222222,0.977465015490025,-791445.0
Sun Belt Conference,2020,674.9090909090909,158593.0909090909,33365899.363636363,0.0,3005749.909090909,521587.7272727273,520060.36363636365,391199.7272727273,3211725.727272727,7538234.454545454,6112766.363636363,4750081.636363637,7314493.636363637,32437248.545454547,1281391.6363636365,1251642.0,2889411.5454545454,1793763.8181818181,1986465.8181818181,1334977.1818181819,14201190.272727273,7698405.7272727275,21899596.09090909,10045275.181818182,2599287.090909091,40820308.333333336,3798921.111111111,0.9721676671124321,-928650.8181818165
Sun Belt Conference,2021,675.9090909090909,158593.0909090909,30593184.636363637,0.0,2304183.1818181816,726795.4545454546,211486.72727272726,134833.9090909091,2657842.0,6895261.454545454,6360136.7272727275,4297528.909090909,7005116.2727272725,30095049.545454547,682873.4545454546,1084573.7272727273,2751375.272727273,366903.45454545453,2639055.3636363638,564656.2727272727,14294593.090909092,7711018.909090909,22005612.0,9461217.636363637,2975606.090909091,30000791.636363637,2797102.909090909,0.9837174489406704,-498135.0909090899
Western Athletic Conference,2005,802.7777777777778,167387.88888888888,23846028.777777776,0.0,2723643.111111111,430421.8888888889,605340.6666666666,402921.0,3331760.4444444445,3341017.4444444445,4894953.111111111,3746805.888888889,4369165.555555556,23352615.444444444,1000250.6666666666,1455868.0,3887104.777777778,995061.7777777778,2333581.6666666665,4311226.888888889,7685850.111111111,1683671.111111111,9369521.444444444,6540536.888888889,2012187.0,21530747.625,1028257.25,0.9793083645947309,-493413.3333333321
Western Athletic Conference,2006,795.75,159711.875,25582259.0,0.0,3034368.75,382507.75,572376.25,411379.5,3544742.625,3948367.25,5106658.625,4088658.625,4493200.0,27581653.25,1175496.125,1601548.875,5106537.875,859747.125,2418337.375,4645856.25,9820057.625,1954072.125,11774129.5,6541704.142857143,2026981.25,29847663.2,1271879.2,1.078155500262897,1999394.25
Western Athletic Conference,2007,796.75,159711.875,27349984.875,0.0,3643628.5,336864.25,658768.0,420795.5,3873104.125,3934225.25,5495819.875,4082031.875,4904747.625,26879592.0,1504790.125,1566854.0,3389878.625,1153970.375,3304304.125,5048699.625,8952301.75,1958793.875,10911095.75,7397180.25,2228313.75,33500283.0,1189848.0,0.9828009822619692,-470392.875
Western Athletic Conference,2008,797.75,159711.875,29664285.75,0.0,3364948.875,373932.125,740621.125,447236.875,4019143.875,5209748.25,5746403.875,4592335.75,5169914.75,29461117.25,1467131.5,1681419.875,4207815.875,1152628.375,3418538.25,5129573.375,10398196.75,2005813.625,12404010.5,7569896.75,2402627.125,15977780.0,1123684.8,0.9931510739307114,-203168.5
Western Athletic Conference,2009,798.75,159711.875,31408351.125,0.0,3152009.875,371049.25,801813.875,410662.25,4196102.5,5960237.625,6078142.5,4919592.0,5518741.625,30664193.125,1408143.25,1880547.0,4820785.125,1041654.875,2886990.875,5057358.75,11204953.5,2363760.25,13568713.625,7901009.375,2433050.375,23746739.875,1609943.125,0.976307002012351,-744158.0
Western Athletic Conference,2010,799.75,159711.875,31981192.25,0.0,4163896.75,377384.125,720247.75,414643.75,3730827.625,5877563.25,6351312.625,4522389.875,5822926.125,31770958.375,1438446.125,2080984.375,5171022.0,1200103.875,3648677.375,4643270.375,10810625.25,2777829.0,13588454.0,8792855.75,2642942.0,21803552.375,2004761.75,0.9934263277817605,-210233.875
Western Athletic Conference,2011,800.75,159711.875,31299147.125,0.0,2788562.375,431535.125,831517.125,472815.375,3925082.375,5896360.125,6322162.0,4502202.125,6128910.625,32066281.75,1402672.0,2172077.0,4727662.0,1093636.0,3389043.75,4983221.375,11430874.125,2867095.625,14297969.75,8770897.375,2608255.5,20612003.25,1943069.125,1.0245097613023217,767134.625
Western Athletic Conference,2012,903.1428571428571,162225.7142857143,30998662.14285714,0.0,3283093.4285714286,463607.5714285714,860246.5714285715,519469.71428571426,4083107.8571428573,4995400.571428572,6035668.571428572,4559609.428571428,6198458.142857143,30754616.285714287,1283431.5714285714,1917131.5714285714,3994047.285714286,1560724.0,2508775.8571428573,3802352.1428571427,12175790.714285715,3512363.285714286,15688153.857142856,7958843.428571428,2368314.285714286,15992543.714285715,1453293.2857142857,0.9921272132320366,-244045.85714285448
Western Athletic Conference,2013,878.4,186037.4,28048123.6,0.0,3411114.2,499718.0,600091.4,511416.0,3653676.6,4502351.2,5289342.4,3541653.8,6038759.8,28386652.2,804929.8,1425530.0,3046517.2,1322235.0,2336244.6,2070485.2,11128051.8,6252658.4,17380710.0,7755031.0,2049055.8,4122759.6,492731.4,1.0120695631846117,338528.59999999776
