,SurveyYear,StateCD,OperatingExpensesperTeamMensTeam,OperatingExpensesperTeamWomensTeam,RevenuesMensTeam,RevenuesWomensTeam,UGratioBG,stateN
0,2003,AK,154551.5,85525.0,658554.0,241277.0,0.8140651533150416,Alaska
1,2003,AL,137670.77142857143,88442.22857142857,609633.3714285714,224815.5,0.9501322522523503,Alabama
2,2003,AR,101081.66666666667,61532.380952380954,723002.1904761905,144080.04761904763,0.8105874095493074,Arkansas
3,2003,AZ,104637.29411764706,72674.94117647059,1130691.5882352942,126261.11764705883,0.8400451211584679,Arizona
4,2003,CA,75095.11111111111,51905.583333333336,453586.20192307694,155660.83653846153,0.8489638365634691,California
5,2003,CO,109376.05,82559.05,421464.1,259228.16666666666,0.9681279874478749,Colorado
6,2003,CT,140093.11764705883,109486.58823529411,650675.4705882353,579996.2941176471,0.822477525492697,Connecticut
7,2003,DC,310664.8,178325.0,1236998.6,507994.2,0.7052776539216142,District of Columbia
8,2003,DE,105088.75,69817.25,536545.25,330149.25,0.7190428739958907,Delaware
9,2003,FL,99146.24528301887,71530.45283018867,563609.6981132076,200751.89130434784,0.8673046690551892,Florida
10,2003,GA,83576.59375,63222.875,523866.5625,140650.70967741936,0.7717234783189945,Georgia
11,2003,HI,180793.75,71306.0,546202.0,731313.0,0.639255999524245,Hawaii
12,2003,IA,65249.48780487805,49252.73170731707,449906.60975609755,95413.17948717948,0.8503824789951316,Iowa
13,2003,ID,130397.75,100632.25,373215.25,187167.75,0.8477843172268703,Idaho
14,2003,IL,58630.73809523809,44973.32142857143,396264.7261904762,104018.77380952382,0.8311001533963912,Illinois
15,2003,IN,102984.28571428571,81387.37142857142,920645.5714285715,190462.48571428572,0.9368073831381434,Indiana
16,2003,KS,69264.68181818182,52061.59090909091,445828.9090909091,94494.52272727272,0.9573389320126245,Kansas
17,2003,KY,219374.4,87896.12,1426329.12,205124.0,0.7818528862634675,Kentucky
18,2003,LA,125271.63636363637,112559.40909090909,532338.8571428572,213622.8,0.6617469526340888,Louisiana
19,2003,MA,52778.717391304344,42867.30434782609,229731.6739130435,139897.71739130435,0.9449642452387537,Massachusetts
20,2003,MD,62869.8,45452.73333333333,497437.9666666667,122604.5172413793,0.735662704198423,Maryland
21,2003,ME,29776.69230769231,35246.307692307695,106471.84615384616,123872.38461538461,1.0504973637713138,Maine
22,2003,MI,68727.30612244898,53822.63265306123,505739.44897959183,144906.0612244898,0.8483363005429845,Michigan
23,2003,MN,37339.075,33347.875,307621.725,87353.9,0.940127268167371,Minnesota
24,2003,MO,68013.32653061225,48874.163265306124,411844.8043478261,158770.4375,0.8069593094491138,Missouri
25,2003,MS,96534.5925925926,68220.25925925926,386377.0,99936.22222222222,0.6511626786793338,Mississippi
26,2003,MT,88512.09090909091,81840.81818181818,289598.0909090909,223050.9090909091,0.9048486219316483,Montana
27,2003,NC,117944.11111111111,76586.5925925926,908759.8888888889,127133.1914893617,0.7931213132950378,North Carolina
28,2003,ND,31957.133333333335,31956.6,104548.8,99402.06666666667,1.0020035558019302,North Dakota
29,2003,NE,64460.28571428572,45708.142857142855,297465.95238095237,102864.16666666667,0.8685800531401358,Nebraska
30,2003,NH,54282.818181818184,42014.36363636364,238412.18181818182,201308.81818181818,0.7869276277258901,New Hampshire
31,2003,NJ,64785.10256410256,42828.717948717946,338991.7948717949,165256.27777777778,0.8871118447856754,New Jersey
32,2003,NM,141774.42857142858,101572.71428571429,1206649.5714285714,323217.6666666667,1.4996796510404546,New Mexico
33,2003,NV,332906.5,254295.0,3133316.0,124053.0,0.7738382502720564,Nevada
34,2003,NY,57670.59459459459,40781.792792792796,345348.30630630633,148679.3394495413,0.9734808189952386,New York
35,2003,OH,135134.7,73008.78,802327.74,140987.02,0.8178343100481575,Ohio
36,2003,OK,91347.81818181818,64656.545454545456,620773.9090909091,128142.06060606061,0.8236785332521416,Oklahoma
37,2003,OR,61830.807692307695,47655.5,436018.42307692306,112002.28,0.8268285210275779,Oregon
38,2003,PA,77924.3111111111,47712.36666666667,385223.76404494385,189128.1011235955,0.9266573820384654,Pennsylvania
39,2003,RI,160432.375,83592.25,1074957.875,244230.5,0.8388567069112133,Rhode Island
40,2003,SC,106870.96428571429,71060.25,498609.46428571426,172222.59259259258,1.3370996036749643,South Carolina
41,2003,SD,37669.181818181816,35928.27272727273,137940.0,114672.45454545454,0.8978486146146345,South Dakota
42,2003,TN,127225.0,76438.30952380953,704687.5476190476,263119.2619047619,0.7357170822120865,Tennessee
43,2003,TX,107407.83950617284,88190.76543209876,550945.1518987342,237713.45569620252,0.813575326947706,Texas
44,2003,UT,165095.5,112265.3,1012169.2,194295.7,1.0465730609448405,Utah
45,2003,VA,131183.96875,101312.1875,567051.1875,225587.51612903227,1.2219060459600646,Virginia
46,2003,VT,39540.42857142857,38692.71428571428,245014.42857142858,234514.0,1.2854687171858417,Vermont
47,2003,WA,69207.91176470589,58323.64705882353,346547.9117647059,134984.5588235294,0.8005846286226974,Washington
48,2003,WI,97175.59375,58600.875,667855.03125,132754.9375,0.8901780401263379,Wisconsin
49,2003,WV,64784.05,41117.8,323852.05,96410.75,0.8672253567859798,West Virginia
50,2003,WY,65399.42857142857,45741.142857142855,505105.0,180486.33333333334,0.7173318502711455,Wyoming
51,2004,AK,121829.5,89051.5,682585.0,292665.5,0.8216523220262109,Alaska
52,2004,AL,134623.19444444444,82024.30555555556,627482.0,260547.91176470587,0.9344803276266577,Alabama
53,2004,AR,103698.19047619047,66594.23809523809,756531.8095238095,160156.52380952382,0.8156297291851825,Arkansas
54,2004,AZ,141493.4705882353,76302.41176470589,1315312.3529411764,112020.82352941176,0.8573334110492947,Arizona
55,2004,CA,88031.99082568807,63301.23853211009,465574.85714285716,174195.59615384616,0.8409592809674599,California
56,2004,CO,101195.8,71538.4,429158.1,253695.94444444444,0.9649960132421137,Colorado
57,2004,CT,181432.70588235295,153759.64705882352,817499.5882352941,649412.1764705882,0.816510551495193,Connecticut
58,2004,DC,374557.4,193227.2,1570860.0,758616.2,0.711408628636706,District of Columbia
59,2004,DE,131017.0,80327.75,575546.5,382392.75,0.7408202722460289,Delaware
60,2004,FL,115227.05555555556,77822.12962962964,582362.0370370371,201476.2340425532,0.8866653096763257,Florida
61,2004,GA,91634.90625,70255.625,468550.40625,148904.64516129033,0.7655308325600019,Georgia
62,2004,HI,250991.25,74280.25,568710.5,21075.0,0.6303106538820539,Hawaii
63,2004,IA,77376.60975609756,53344.439024390245,515168.6341463415,134475.63157894736,0.8317669576482629,Iowa
64,2004,ID,142146.5,119288.5,360374.0,188584.75,0.8229889086351103,Idaho
65,2004,IL,60983.92857142857,48587.02380952381,416675.9761904762,104817.65476190476,0.8273144559975416,Illinois
66,2004,IN,135978.65714285715,99094.4,941791.4571428571,170140.3142857143,0.9309997920797433,Indiana
67,2004,KS,75850.06818181818,54422.77272727273,526568.9545454546,119673.47727272728,0.9357856764641336,Kansas
68,2004,KY,232787.16,104527.16,1609927.04,250968.0,0.7925526248767869,Kentucky
69,2004,LA,116149.57894736843,105371.68421052632,563165.7222222222,220326.83333333334,0.6751922450271283,Louisiana
70,2004,MA,52666.744680851065,37795.04255319149,252579.1489361702,161063.78723404257,0.9204128415605035,Massachusetts
71,2004,MD,72769.1,53575.566666666666,501320.13333333336,145069.1379310345,0.7349902159238764,Maryland
72,2004,ME,33440.153846153844,37327.230769230766,131080.15384615384,129208.30769230769,1.1202217377100618,Maine
73,2004,MI,87711.78,64552.28,565658.72,178486.44,0.8460718925115629,Michigan
74,2004,MN,40199.125,37094.325,353829.35,122580.375,0.9125721998920499,Minnesota
75,2004,MO,67061.75510204081,51129.61224489796,481746.54347826086,431706.2916666667,0.804002362896738,Missouri
76,2004,MS,84363.11111111111,67804.74074074074,465023.6666666667,102709.4074074074,0.6410606422087225,Mississippi
77,2004,MT,109746.36363636363,96624.45454545454,392332.63636363635,309294.63636363635,0.8808653373090309,Montana
78,2004,NC,136050.20754716982,78443.60377358491,1165786.566037736,189368.95833333334,0.8067039845796803,North Carolina
79,2004,ND,40306.13333333333,36638.933333333334,136222.33333333334,118440.8,0.9585464595286765,North Dakota
80,2004,NE,73437.0,49886.95238095238,349150.09523809527,146090.94444444444,0.8778998100499784,Nebraska
81,2004,NH,53867.181818181816,44545.0,242773.0,198734.36363636365,0.7980052641683646,New Hampshire
82,2004,NJ,95207.76923076923,56157.51282051282,383592.07692307694,260361.91666666666,0.9027227936319957,New Jersey
83,2004,NM,104738.71428571429,65210.28571428572,1330482.7142857143,420178.6666666667,1.4097602663158078,New Mexico
84,2004,NV,442761.5,241824.5,3739776.0,123432.0,0.7953911252112476,Nevada
85,2004,NY,65067.24324324324,46565.08108108108,377399.990990991,176709.51376146788,0.9749048947198015,New York
86,2004,OH,126398.62,77635.92,878658.56,199183.52,0.8287266058624548,Ohio
87,2004,OK,77653.06060606061,64576.242424242424,683426.7272727273,188204.27272727274,0.829142987021883,Oklahoma
88,2004,OR,86033.65384615384,68884.96153846153,416943.96153846156,133326.0,0.8060544203829606,Oregon
89,2004,PA,74097.85714285714,49500.494505494506,405532.80898876407,202374.57303370786,0.8921908532991447,Pennsylvania
90,2004,RI,174243.625,82332.625,1173563.125,307984.25,0.8489069557928474,Rhode Island
91,2004,SC,115320.35714285714,74300.17857142857,594885.2857142857,273083.6666666667,1.3090799215438753,South Carolina
92,2004,SD,52244.0,48446.0,183305.72727272726,151707.9090909091,0.9126183270477154,South Dakota
93,2004,TN,133304.69047619047,94972.47619047618,712312.7142857143,367001.78571428574,0.7471711831013581,Tennessee
94,2004,TX,139958.77777777778,107762.58024691358,655788.5443037974,295542.5256410256,0.8170168212086238,Texas
95,2004,UT,140461.4,106677.3,1043994.4,193468.4,1.0354437158751786,Utah
96,2004,VA,127132.1875,91510.1875,787258.3125,472238.6129032258,1.251941076630174,Virginia
97,2004,VT,59432.42857142857,43140.142857142855,251258.7142857143,178945.2857142857,1.2649529718961314,Vermont
98,2004,WA,76256.11764705883,60483.76470588235,380889.70588235295,141406.0,0.8009745767957751,Washington
99,2004,WI,135016.09375,72877.0625,759955.4375,206312.0625,0.8658209228694616,Wisconsin
100,2004,WV,76631.85,48355.7,410267.65,147594.75,0.882487597988395,West Virginia
101,2004,WY,77155.71428571429,60522.42857142857,502822.28571428574,240301.6,0.7215721332865188,Wyoming
102,2005,AK,160935.0,102771.0,764714.5,355295.5,0.8530672745784531,Alaska
103,2005,AL,147415.6,81048.82857142857,730999.2285714286,283807.2727272727,0.9870529072201052,Alabama
104,2005,AR,113489.57142857143,72178.57142857143,839249.7619047619,191616.04761904763,0.8342440083195687,Arkansas
105,2005,AZ,143433.23529411765,82481.70588235294,1249278.1176470588,167517.88235294117,0.8360540244747711,Arizona
106,2005,CA,89700.43119266054,63788.07339449541,514454.9326923077,200401.25,0.8482787878173449,California
107,2005,CO,107308.5,81192.65,510294.3,272631.27777777775,0.9686325918089412,Colorado
108,2005,CT,205446.35294117648,175663.5294117647,821534.5882352941,669535.8823529412,0.8066013480768139,Connecticut
109,2005,DC,470485.6,203898.4,2201841.2,749108.8,0.7054512964101554,District of Columbia
110,2005,DE,149343.0,92108.25,764805.5,459015.0,0.7517622855847371,Delaware
111,2005,FL,121436.61111111111,86000.79629629629,663491.2222222222,253768.13043478262,0.8943240146266769,Florida
112,2005,GA,122907.75,80554.84375,475596.84375,211538.4516129032,0.7674612888442588,Georgia
113,2005,HI,154704.0,53730.25,618544.0,125563.0,0.6461260925878303,Hawaii
114,2005,IA,86868.24390243902,61747.07317073171,575013.3170731707,159104.10256410256,0.8311948654729047,Iowa
115,2005,ID,154699.125,121239.0,495013.5,294437.0,0.7957663126776058,Idaho
116,2005,IL,67985.77380952382,51751.21428571428,451056.8333333333,124569.94047619047,0.8293996105992418,Illinois
117,2005,IN,147441.14285714287,106230.71428571429,968370.8571428572,286297.14285714284,0.9478359828385094,Indiana
118,2005,KS,88593.02272727272,63668.09090909091,578724.9318181818,156120.8409090909,0.9670458036338943,Kansas
119,2005,KY,199554.8,92868.8,1688137.12,287155.28,0.8041839133979671,Kentucky
120,2005,LA,141039.2,114608.0,677132.2105263158,266523.94736842107,0.6465540757585183,Louisiana
121,2005,MA,71311.82978723405,51382.82978723404,294271.2978723404,207171.80434782608,0.933133889998017,Massachusetts
122,2005,MD,49598.06896551724,40873.137931034486,203858.9655172414,161043.93103448275,0.7447757212263395,Maryland
123,2005,ME,36953.46153846154,38121.307692307695,131534.84615384616,131308.0,1.1062556136089272,Maine
124,2005,MI,86712.36,64707.18,567097.34,191039.98,0.8702963020374274,Michigan
125,2005,MN,46657.325,42296.425,386141.85,141273.34210526315,0.9361047500015236,Minnesota
126,2005,MO,69688.125,54668.875,518275.13333333336,241078.10638297873,0.80291822435083,Missouri
127,2005,MS,83344.07407407407,65231.851851851854,466625.5925925926,132421.03703703705,0.6528686237714759,Mississippi
128,2005,MT,116401.18181818182,91704.45454545454,409505.45454545453,293097.1818181818,0.9403374599816878,Montana
129,2005,NC,128550.01886792453,81951.67924528301,1255531.3962264152,237710.08163265305,0.8106418163844054,North Carolina
130,2005,ND,47915.73333333333,44599.4,141505.13333333333,118447.6,0.9337819084889072,North Dakota
131,2005,NE,76017.76190476191,50304.04761904762,395676.0,174684.22222222222,0.8887033616229401,Nebraska
132,2005,NH,50440.545454545456,48199.36363636364,275254.54545454547,212272.18181818182,0.8072887811176911,New Hampshire
133,2005,NJ,97728.8717948718,56636.307692307695,403205.6923076923,267821.2972972973,0.9131316708224944,New Jersey
134,2005,NM,129569.57142857143,79698.14285714286,1369811.2857142857,437933.3333333333,1.4232889665851558,New Mexico
135,2005,NV,504204.0,242163.0,4491256.5,75936.5,0.7905424040813627,Nevada
136,2005,NY,71537.04504504504,53184.83783783784,425186.1981981982,222862.2314814815,0.9765714946100506,New York
137,2005,OH,165182.36,92248.76,933337.86,227285.78,0.8296592065396966,Ohio
138,2005,OK,84242.84848484848,73447.0303030303,755331.1818181818,224789.24242424243,0.8142872364934277,Oklahoma
139,2005,OR,78813.42307692308,61325.730769230766,458757.46153846156,154598.8,0.8011042282186044,Oregon
140,2005,PA,94078.07692307692,53375.87912087912,445336.3,227451.91011235956,0.8918056720007089,Pennsylvania
141,2005,RI,173464.0,94798.75,1070644.125,306099.875,0.8400719832751404,Rhode Island
142,2005,SC,145616.14285714287,87817.25,807507.3571428572,331451.3333333333,1.2993679385592394,South Carolina
143,2005,SD,51086.09090909091,53264.90909090909,210284.0,176927.18181818182,0.936326976066852,South Dakota
144,2005,TN,127286.80952380953,99145.14285714286,737330.0476190476,376948.0,0.7457256642625304,Tennessee
145,2005,TX,143220.25609756098,112876.74390243902,736330.575,353736.60759493674,0.8124033963924432,Texas
146,2005,UT,220497.6,156295.9,1137675.2,228790.8,1.0210052658617295,Utah
147,2005,VA,155300.46875,108907.3125,993256.25,599638.0645161291,1.1507944542745911,Virginia
148,2005,VT,50189.71428571428,48992.857142857145,233002.2857142857,193433.2857142857,1.2821557106779093,Vermont
149,2005,WA,90475.61764705883,65145.794117647056,516692.79411764705,170916.14705882352,0.7879427648205288,Washington
150,2005,WI,137532.65625,80139.1875,891927.15625,228247.75,0.8831991136144973,Wisconsin
151,2005,WV,101456.85,54146.4,502746.05,183764.9,0.8922659571104894,West Virginia
152,2005,WY,91658.57142857143,76796.57142857143,542345.0,295891.0,0.7359434208379282,Wyoming
153,2006,AK,166491.5,126529.5,546333.0,324141.5,0.8221504965622612,Alaska
154,2006,AL,112696.69444444444,102234.5,736877.6285714286,314544.26470588235,0.9599968344337856,Alabama
155,2006,AR,117631.47619047618,78770.04761904762,927190.5238095238,238461.47619047618,0.8449156941815745,Arkansas
156,2006,AZ,163807.58823529413,97584.82352941176,1437975.5882352942,172578.64705882352,0.815677550595308,Arizona
157,2006,CA,107417.6909090909,76582.67272727273,562127.8380952381,234866.62264150943,0.8483030678665588,California
158,2006,CO,98591.7,90033.85,519643.3,302296.44444444444,0.985124152857739,Colorado
159,2006,CT,225349.82352941178,190212.9411764706,923384.5882352941,679413.7647058824,0.8170449158737414,Connecticut
160,2006,DC,599431.4,258314.2,3366447.8,915624.6,0.7078959049694074,District of Columbia
161,2006,DE,137963.5,132513.5,626378.25,398801.0,0.7007901598825811,Delaware
162,2006,FL,129235.48148148147,91921.27777777778,648472.0925925926,254892.58695652173,0.9025548555804265,Florida
163,2006,GA,110072.18181818182,87386.18181818182,689023.4375,236971.5625,0.7877423922211032,Georgia
164,2006,HI,191537.0,112197.0,632962.25,147851.0,0.6394896514122356,Hawaii
165,2006,IA,100904.65853658537,80305.58536585367,584619.0243902439,209311.3076923077,0.8582003540002745,Iowa
166,2006,ID,164050.125,127336.5,613834.0,306285.875,0.7736956590065324,Idaho
167,2006,IL,83699.36904761905,58595.51190476191,481093.79761904763,143688.89285714287,0.8300955566794022,Illinois
168,2006,IN,177430.0,117117.97142857143,1062100.4857142856,287700.5714285714,0.9430925681839889,Indiana
169,2006,KS,113737.61363636363,66235.93181818182,672498.3409090909,153748.1590909091,0.9415540000383406,Kansas
170,2006,KY,223995.64,100448.76,1802857.24,314946.2,0.7910912433674082,Kentucky
171,2006,LA,178256.27272727274,146067.86363636365,679834.9,338450.90476190473,0.6566130355962467,Louisiana
172,2006,MA,93252.4255319149,54551.85106382979,356589.89361702127,258124.97826086957,1.0258994354648887,Massachusetts
173,2006,MD,61548.862068965514,45632.89655172414,233773.4827586207,156846.41379310345,0.7511310476008133,Maryland
174,2006,ME,39475.230769230766,39276.46153846154,136622.15384615384,135425.84615384616,1.102421387217807,Maine
175,2006,MI,119694.58823529411,89550.58823529411,639124.6470588235,198211.84,0.8892441353889715,Michigan
176,2006,MN,50712.325,44369.125,342849.375,130659.43589743589,0.9556797803779646,Minnesota
177,2006,MO,80604.97959183673,61520.30612244898,548705.2173913043,247049.3125,0.7874580758135887,Missouri
178,2006,MS,97368.0,73115.81481481482,593745.5925925926,173117.14814814815,0.6510067500662281,Mississippi
179,2006,MT,117730.63636363637,117999.90909090909,446599.63636363635,345334.2727272727,0.9338556678210076,Montana
180,2006,NC,155291.88679245283,93774.32075471699,1360571.3207547169,268974.2916666667,0.8227673804280998,North Carolina
181,2006,ND,64230.666666666664,55694.933333333334,163525.86666666667,126019.13333333333,0.8939259366446173,North Dakota
182,2006,NE,75326.42857142857,55073.95238095238,445713.4761904762,185796.94444444444,0.8819907234802055,Nebraska
183,2006,NH,64714.545454545456,47026.09090909091,285939.7272727273,232874.27272727274,0.8061482675805167,New Hampshire
184,2006,NJ,78739.35,64595.05,406996.7,294226.1052631579,0.9104265072499412,New Jersey
185,2006,NM,266828.0,136386.2857142857,757209.8571428572,264569.5,1.5325096248983752,New Mexico
186,2006,NV,755999.5,258103.0,4595243.5,104345.0,0.7987157429838005,Nevada
187,2006,NY,78597.63963963964,60495.117117117115,456654.6666666667,246779.83333333334,0.9753828397227706,New York
188,2006,OH,158161.48,100122.94,1008506.14,250441.98,0.8339556775292113,Ohio
189,2006,OK,119401.09090909091,87329.69696969698,801341.4375,252786.42424242425,0.8015047598626998,Oklahoma
190,2006,OR,126259.76923076923,73417.92307692308,482350.76923076925,155716.56,0.7939026257679255,Oregon
191,2006,PA,100223.13043478261,60850.163043478264,444699.73626373627,267478.94444444444,0.8846223806943512,Pennsylvania
192,2006,RI,197513.25,97732.875,1119862.0,324973.375,0.8565208065611829,Rhode Island
193,2006,SC,112964.75,75477.28571428571,931593.8928571428,382189.962962963,1.2719528647901448,South Carolina
194,2006,SD,56106.818181818184,66631.81818181818,217104.27272727274,185868.9090909091,0.8534001349804232,South Dakota
195,2006,TN,135648.64285714287,93939.92857142857,832039.2142857143,379572.8095238095,0.7440770286975459,Tennessee
196,2006,TX,152195.31325301205,117596.421686747,821118.6172839506,381495.7625,0.8319556617115977,Texas
197,2006,UT,250320.1,164591.7,1131283.0,241214.7,1.0398203722727537,Utah
198,2006,VA,188069.0625,135844.125,944984.125,389641.51612903224,1.1676552178525648,Virginia
199,2006,VT,60405.142857142855,50191.71428571428,262931.28571428574,189255.85714285713,1.282676057187034,Vermont
200,2006,WA,110849.29411764706,73426.35294117648,588460.5882352941,175570.32352941178,0.7690810286663124,Washington
201,2006,WI,164492.21875,99644.59375,1051642.71875,257612.90625,0.9278412745923678,Wisconsin
202,2006,WV,93484.1,77383.55,512564.8,223369.15,0.9069289421343132,West Virginia
203,2006,WY,111643.0,89693.71428571429,453939.4285714286,426246.6,0.8093031152858644,Wyoming
204,2007,AK,327891.5,169728.5,993675.0,482975.0,0.8015633530826709,Alaska
205,2007,AL,115757.02777777778,88736.86111111111,820304.0555555555,337625.35294117645,0.9443615860001017,Alabama
206,2007,AR,143258.60869565216,95670.17391304347,1006313.0,282874.2380952381,0.9024323875815721,Arkansas
207,2007,AZ,180687.88235294117,90700.0,1453459.0,173679.64705882352,0.8221368749132926,Arizona
208,2007,CA,108256.21100917431,73531.62385321101,638240.6153846154,278606.1509433962,0.876732794667515,California
209,2007,CO,124072.05,103526.15,578607.55,342115.7368421053,1.0035889986113,Colorado
210,2007,CT,198748.94736842104,156676.7894736842,941463.5,683459.5263157894,0.8000563117194236,Connecticut
211,2007,DC,444773.2,232772.0,3097519.2,1277706.2,0.7082878794403025,District of Columbia
212,2007,DE,182565.5,121842.75,679417.75,444753.25,0.7485133250786636,Delaware
213,2007,FL,146302.25454545455,95331.21818181819,779012.6,336308.91489361704,0.9477372613480746,Florida
214,2007,GA,102541.55882352941,83233.29411764706,824160.34375,281245.0303030303,0.7671466589872588,Georgia
215,2007,HI,214289.0,138268.5,694949.75,161264.25,0.6508509776814609,Hawaii
216,2007,IA,93151.9512195122,63391.07317073171,589910.1707317074,180457.12820512822,0.8489341751518347,Iowa
217,2007,ID,167077.0,131727.875,657045.0,323237.75,0.8076501036494996,Idaho
218,2007,IL,84082.63095238095,55655.77380952381,542246.9761904762,174826.61904761905,0.8281368440326344,Illinois
219,2007,IN,193560.2,123314.28571428571,1222030.2857142857,378549.85714285716,0.9545016430235397,Indiana
220,2007,KS,134987.47727272726,78782.22727272728,729757.6818181818,170991.70454545456,0.937858697756607,Kansas
221,2007,KY,221705.92307692306,103862.61538461539,1968938.92,362889.6923076923,0.7909411339692175,Kentucky
222,2007,LA,160688.45454545456,125606.45454545454,719849.8571428572,424762.8095238095,0.7250452317511077,Louisiana
223,2007,MA,81673.65957446808,57556.255319148935,406863.25531914894,286633.1304347826,0.9587975818151685,Massachusetts
224,2007,MD,71716.86666666667,48393.03333333333,266680.6206896552,184216.86666666667,0.7452738550513075,Maryland
225,2007,ME,46993.0,45418.53846153846,144528.92307692306,143481.92307692306,1.078076387582877,Maine
226,2007,MI,104633.52830188679,74623.62264150943,685759.1886792453,213315.42307692306,0.8960483566014616,Michigan
227,2007,MN,58063.69047619047,46480.57142857143,437352.1707317073,137158.7619047619,0.9367092503536554,Minnesota
228,2007,MO,85005.1836734694,62288.91836734694,549491.0,251348.83333333334,0.8098061791417169,Missouri
229,2007,MS,91956.37931034483,73652.13793103448,594756.1034482758,251580.72413793104,0.6520554670684506,Mississippi
230,2007,MT,113137.09090909091,110647.54545454546,464163.0909090909,358096.0,0.9831987840078746,Montana
231,2007,NC,145939.23214285713,86653.48214285714,1382756.267857143,308629.94,0.8158415641687453,North Carolina
232,2007,ND,54573.2,49752.8,177399.6,166945.46666666667,0.9632528576500322,North Dakota
233,2007,NE,86706.47619047618,59681.380952380954,683946.2380952381,228568.36842105264,0.9126728016546872,Nebraska
234,2007,NH,58668.545454545456,62723.818181818184,282418.7272727273,254096.45454545456,0.8326789638154642,New Hampshire
235,2007,NJ,109339.26190476191,64354.90476190476,472384.275,339903.625,0.8855798758454183,New Jersey
236,2007,NM,389126.875,180519.5,947920.125,542463.8571428572,1.4856145459403256,New Mexico
237,2007,NV,753797.5,322619.5,6572643.5,217882.0,0.8271125674391928,Nevada
238,2007,NY,81554.01785714286,60044.25,491586.54464285716,263149.02777777775,0.9987733104576331,New York
239,2007,OH,147297.2962962963,83659.4074074074,1024352.4339622641,324342.75471698114,0.9160804879388679,Ohio
240,2007,OK,128990.75757575757,95535.48484848485,813710.0909090909,281895.30303030304,0.8837276051884689,Oklahoma
241,2007,OR,134317.88461538462,82999.15384615384,516574.92307692306,173182.34615384616,0.8012246222859892,Oregon
242,2007,PA,101092.27551020408,65035.47959183674,502798.63440860214,281249.5520833333,0.8775843834457817,Pennsylvania
243,2007,RI,230366.75,94431.625,1269765.75,545050.5,0.8409069108869243,Rhode Island
244,2007,SC,137873.4193548387,82700.93548387097,867805.8666666667,301515.4482758621,1.1730333211199075,South Carolina
245,2007,SD,60731.818181818184,60665.72727272727,289122.45454545453,260065.45454545456,0.9793048071694584,South Dakota
246,2007,TN,170163.83333333334,110463.0,1032324.5238095238,551532.8571428572,0.7515482843645637,Tennessee
247,2007,TX,164560.15294117646,127022.77647058823,846506.9397590362,416621.3,0.7978981890799292,Texas
248,2007,UT,261860.0,158780.4,1490646.5,330548.9,0.9985338811987807,Utah
249,2007,VA,192271.3142857143,134487.51428571428,1009415.0294117647,429373.45454545453,33.060273873591015,Virginia
250,2007,VT,64624.28571428572,63503.142857142855,327883.4285714286,274641.71428571426,1.2647495570146066,Vermont
251,2007,WA,122524.70588235294,81961.85294117648,628294.9411764706,198871.70588235295,0.7606821319115344,Washington
252,2007,WI,177625.36363636365,100480.90909090909,1095601.59375,277847.8484848485,0.8902427853625893,Wisconsin
253,2007,WV,123142.05,74750.45,673614.6,251036.7,0.9287387057513868,West Virginia
254,2007,WY,103402.42857142857,94001.42857142857,480684.71428571426,303301.0,0.7397922325399443,Wyoming
255,2008,AK,183097.0,205912.5,843057.0,651414.5,0.832177662541447,Alaska
256,2008,AL,121592.4054054054,95078.2972972973,871608.6216216217,356340.77142857143,0.8809119146977553,Alabama
257,2008,AR,145494.78260869565,89722.08695652174,942089.7826086957,273974.54545454547,0.9526620692110889,Arkansas
258,2008,AZ,182188.64705882352,82287.70588235294,1566639.1176470588,175051.64705882352,0.8583012239109721,Arizona
259,2008,CA,110140.1376146789,82042.44036697247,678821.5096153846,299677.1698113208,0.8734583123573735,California
260,2008,CO,129241.6,110320.5,620277.95,353165.2631578947,0.9900495014983501,Colorado
261,2008,CT,221569.73684210525,175016.7894736842,1055192.0555555555,719370.052631579,0.7803770653963827,Connecticut
262,2008,DC,405475.6,244350.8,3027109.2,1325303.0,0.7197864590001977,District of Columbia
263,2008,DE,188877.75,121118.0,1093104.5,603552.25,0.7335753331599372,Delaware
264,2008,FL,149084.73214285713,111975.625,780994.7857142857,336413.32653061225,0.9113165808249705,Florida
265,2008,GA,117964.41666666667,92112.83333333333,784406.8235294118,287545.4375,0.7669456585031883,Georgia
266,2008,HI,216474.0,133178.75,735162.5,163254.25,0.6379187425831307,Hawaii
267,2008,IA,115936.56097560975,84742.14634146342,632115.5853658536,225528.41025641025,0.8443395910385396,Iowa
268,2008,ID,197789.5,142384.625,755787.75,335761.25,0.8303855468998323,Idaho
269,2008,IL,90561.32142857143,65282.98809523809,585502.4880952381,189816.4642857143,0.841120799210467,Illinois
270,2008,IN,198889.7027027027,123231.78378378379,1117281.9189189188,364664.7428571429,0.9590806189032574,Indiana
271,2008,KS,107928.04545454546,78143.72727272728,752961.9318181818,173676.95454545456,0.941365854879944,Kansas
272,2008,KY,237753.23076923078,111088.03846153847,2088420.56,388733.3846153846,0.7872580803738545,Kentucky
273,2008,LA,177821.27272727274,140525.72727272726,784989.619047619,419028.38095238095,0.6850261260189016,Louisiana
274,2008,MA,86669.29787234042,62340.72340425532,437418.72340425535,319562.829787234,0.9407985526121043,Massachusetts
275,2008,MD,83934.09677419355,63679.67741935484,631278.3333333334,255001.46666666667,0.7718724555751965,Maryland
276,2008,ME,46809.846153846156,48460.53846153846,163930.53846153847,161194.46153846153,1.0808752353087752,Maine
277,2008,MI,118999.57692307692,88063.05769230769,763516.0,261409.45098039217,0.9078923387282577,Michigan
278,2008,MN,58658.42857142857,51705.28571428572,446258.46341463417,142671.63414634147,0.94913169712168,Minnesota
279,2008,MO,102412.4693877551,66964.36734693877,633794.1489361703,306904.5416666667,0.8100761744369186,Missouri
280,2008,MS,108699.62068965517,83540.6551724138,647717.9655172414,261964.10344827586,0.6359833187619435,Mississippi
281,2008,MT,121359.0,109697.09090909091,424041.7272727273,322198.45454545453,1.0477023335100568,Montana
282,2008,NC,234415.3103448276,101034.5,1280133.6724137932,344931.2244897959,0.8252018336609344,North Carolina
283,2008,ND,67673.4,63191.333333333336,227015.53333333333,211695.6,0.9512553659289653,North Dakota
284,2008,NE,80824.85714285714,57348.90476190476,699557.9047619047,216521.36842105264,0.9201855022553715,Nebraska
285,2008,NH,62308.63636363636,63624.72727272727,328145.45454545453,294182.54545454547,0.8454512998691766,New Hampshire
286,2008,NJ,90085.0,64536.88372093023,497942.2195121951,354176.35714285716,0.8689665749917679,New Jersey
287,2008,NM,283727.125,155584.0,1023140.125,599373.4285714285,1.3190234795690223,New Mexico
288,2008,NV,708676.5,288744.5,6755854.0,140053.5,0.8338275990534363,Nevada
289,2008,NY,82070.76521739131,61385.8347826087,505292.84347826085,291736.1308411215,0.9797058500527809,New York
290,2008,OH,176248.5185185185,104477.48148148147,1099912.5849056605,337236.5283018868,0.9317556020689336,Ohio
291,2008,OK,140336.12121212122,100995.81818181818,920631.9090909091,317255.9090909091,0.8391292957281592,Oklahoma
292,2008,OR,133948.61538461538,93086.80769230769,538364.4230769231,195343.32,0.8043829646529687,Oregon
293,2008,PA,108488.20833333333,66389.52083333333,546267.6021505377,305463.40860215056,0.8702234889147039,Pennsylvania
294,2008,RI,235629.125,108224.875,1383140.625,581927.375,0.8379840338512794,Rhode Island
295,2008,SC,135720.25806451612,88017.03225806452,1004035.1333333333,355199.9310344828,1.190724073006167,South Carolina
296,2008,SD,74991.18181818182,68858.54545454546,340618.45454545453,294651.54545454547,0.9758250728054093,South Dakota
297,2008,TN,163749.2142857143,118256.5,1075830.4761904762,578534.6097560975,0.7483673566035505,Tennessee
298,2008,TX,181230.54117647058,128380.01176470588,946248.5180722892,483576.6625,0.8170652375248652,Texas
299,2008,UT,288866.7,190604.3,1644080.8,361695.9,1.01963607837676,Utah
300,2008,VA,189362.69444444444,125573.27777777778,1133578.1142857142,479101.8787878788,32.12830316953312,Virginia
301,2008,VT,58584.857142857145,59999.28571428572,325519.0,239742.42857142858,1.2523183391464308,Vermont
302,2008,WA,148444.4705882353,96839.5,691445.9411764706,239857.88235294117,0.7764438701598271,Washington
303,2008,WI,195660.125,100097.8125,1109229.75,294061.28125,0.9356483831496495,Wisconsin
304,2008,WV,146709.55,79621.1,805000.4,307970.6842105263,0.925746783292053,West Virginia
305,2008,WY,94521.5,87166.5,503989.75,291911.14285714284,0.7750501664680105,Wyoming
306,2009,AK,170160.5,185683.5,688712.5,623257.0,0.8570098532729273,Alaska
307,2009,AL,125397.91891891892,97510.54054054055,993627.9459459459,365408.4117647059,0.8521642849346865,Alabama
308,2009,AR,144939.39130434784,92040.17391304347,1000808.4782608695,275933.2272727273,0.915616770250155,Arkansas
309,2009,AZ,197631.88235294117,84200.70588235294,1835860.7647058824,253004.23529411765,0.870013633255845,Arizona
310,2009,CA,101645.96396396396,74200.60360360361,701971.358490566,324238.7962962963,0.8905619797377056,California
311,2009,CO,124784.35,106473.05,678742.2,407358.0,0.9872158407310623,Colorado
312,2009,CT,201485.36842105264,181213.68421052632,1028059.7777777778,764919.3684210526,0.7832787722405499,Connecticut
313,2009,DC,429889.0,229239.4,3051683.8,1322703.0,0.7134935636445661,District of Columbia
314,2009,DE,168009.5,120195.75,916399.75,713578.5,0.7262747748610942,Delaware
315,2009,FL,155204.1090909091,103587.21818181819,877880.7272727273,411100.3829787234,0.9204917320944945,Florida
316,2009,GA,103610.97142857143,86982.17142857143,772411.4242424242,260595.6875,0.7483330954844989,Georgia
317,2009,HI,142050.75,138552.0,671801.75,239907.5,0.6574325369384109,Hawaii
318,2009,IA,95940.85365853658,74112.0731707317,660722.5853658536,231987.61538461538,0.8643429144447305,Iowa
319,2009,ID,180927.0,141612.5,812449.0,376572.375,0.8543610994737102,Idaho
320,2009,IL,89467.2530120482,64228.819277108436,646699.3614457832,221547.63855421686,0.8320460387554176,Illinois
321,2009,IN,200873.81578947368,127782.86842105263,1267802.5405405406,420886.97297297296,0.9414597433637882,Indiana
322,2009,KS,110496.84090909091,73793.79545454546,815100.9318181818,210733.72727272726,0.9663201334939561,Kansas
323,2009,KY,240739.96153846153,107780.96153846153,2175711.44,396400.76923076925,0.7910086075605028,Kentucky
324,2009,LA,150692.04347826086,126995.30434782608,866076.8636363636,499349.3181818182,0.7055978881376762,Louisiana
325,2009,MA,83331.27659574468,56726.744680851065,520230.93617021275,329321.0652173913,0.9501052021270708,Massachusetts
326,2009,MD,85886.3870967742,53632.54838709677,624690.0666666667,221914.32258064515,0.772913145825345,Maryland
327,2009,ME,41715.846153846156,45282.230769230766,160792.15384615384,158607.84615384616,1.025490039883485,Maine
328,2009,MI,117560.21153846153,76482.82692307692,769336.0,264408.6862745098,0.9218993728429422,Michigan
329,2009,MN,57319.26190476191,51658.52380952381,473574.26829268294,158524.80487804877,0.9576736219452138,Minnesota
330,2009,MO,99313.9387755102,68055.0612244898,631921.4893617021,313291.75,0.8192027867406196,Missouri
331,2009,MS,102927.31034482758,77473.62068965517,800870.3793103448,287704.0344827586,0.6455039407962078,Mississippi
332,2009,MT,108094.72727272728,91413.36363636363,484213.45454545453,376144.1818181818,1.0482154630840397,Montana
333,2009,NC,159002.64406779662,92965.16949152542,1596786.2586206896,464473.82352941175,0.8274215859602695,North Carolina
334,2009,ND,70366.93333333333,62420.8,257289.13333333333,238869.26666666666,0.9876543413372046,North Dakota
335,2009,NE,86601.33333333333,59217.80952380953,701358.9523809524,268520.0,0.9344219586156541,Nebraska
336,2009,NH,59028.545454545456,64124.181818181816,325667.54545454547,287123.45454545453,0.8355450525312917,New Hampshire
337,2009,NJ,86983.51162790698,60361.0,512548.48780487804,370292.78571428574,0.8802274714523665,New Jersey
338,2009,NM,271622.0,135104.5,984274.875,566560.5714285715,1.3580428036683276,New Mexico
339,2009,NV,579545.0,361764.5,6364565.5,629966.0,0.8388592159687824,Nevada
340,2009,NY,82736.09565217391,61859.669565217395,552057.0695652174,294528.11926605506,0.9843792261135439,New York
341,2009,OH,167491.66666666666,99018.18518518518,1210677.0566037735,384094.44444444444,0.9326344089288909,Ohio
342,2009,OK,139659.42424242425,104111.84848484848,990610.4545454546,366692.2121212121,0.8534981715829439,Oklahoma
343,2009,OR,122376.19230769231,83004.46153846153,525120.6538461539,230924.48,0.8240349709408112,Oregon
344,2009,PA,101792.95959595959,61730.232323232325,576542.7684210526,305647.7731958763,0.8791669025008961,Pennsylvania
345,2009,RI,227905.25,105617.75,1449601.75,619817.875,0.834988908256731,Rhode Island
346,2009,SC,139361.5806451613,87618.6129032258,1080297.1333333333,408818.4482758621,1.2337125480054498,South Carolina
347,2009,SD,81842.81818181818,78633.45454545454,360789.0909090909,305252.7272727273,1.0167199184367435,South Dakota
348,2009,TN,162953.04761904763,113131.14285714286,1122449.9761904762,632457.1463414634,0.753510278850674,Tennessee
349,2009,TX,171761.14772727274,128965.35227272728,938726.0813953489,506134.0864197531,0.8163745667548556,Texas
350,2009,UT,262341.1,158292.9,1858735.3,399446.6,1.0221631456058078,Utah
351,2009,VA,208190.17142857143,134265.82857142857,1266538.6176470588,532275.8529411765,1.0512421706002613,Virginia
352,2009,VT,65607.14285714286,56517.0,396978.4285714286,295448.5714285714,1.258085582322375,Vermont
353,2009,WA,142380.9411764706,89624.20588235294,821151.7647058824,278710.82352941175,0.8109251613697314,Washington
354,2009,WI,155450.125,92132.53125,1207774.09375,289168.3125,0.9364040046979993,Wisconsin
355,2009,WV,156816.3,80774.35,1020977.45,435685.05263157893,0.9333634003389084,West Virginia
356,2009,WY,99943.0,89714.25,516886.0,368673.5714285714,0.8183483607369547,Wyoming
357,2010,AK,219261.5,214918.0,926982.0,676723.0,0.8783223092839456,Alaska
358,2010,AL,135756.72972972973,107882.94594594595,999411.8648648649,406594.9142857143,0.8979117431863375,Alabama
359,2010,AR,141916.79166666666,97838.83333333333,921734.9583333334,280601.9130434783,0.8909696357356228,Arkansas
360,2010,AZ,210789.17647058822,103584.76470588235,1970953.8235294118,300343.8823529412,0.8929046413580809,Arizona
361,2010,CA,111913.4054054054,78222.62162162163,730736.962264151,352220.6111111111,0.884646457732927,California
362,2010,CO,154537.05,124622.55,762645.3,423955.85,0.9820183038875292,Colorado
363,2010,CT,230995.63157894736,162010.94736842104,1104871.0,744539.3684210526,0.8001384665015868,Connecticut
364,2010,DC,477023.8,282171.6,3146177.2,1449905.2,0.7153744615975255,District of Columbia
365,2010,DE,180966.75,122841.5,850454.0,725258.5,0.7418776894859768,Delaware
366,2010,FL,175267.74545454545,112450.18181818182,942341.2363636363,473947.0,0.931191501314947,Florida
367,2010,GA,117339.91891891892,91843.05405405405,800159.3428571429,290271.3823529412,0.752118608727806,Georgia
368,2010,HI,173612.25,143434.75,740837.25,271385.5,0.6621414448274574,Hawaii
369,2010,IA,112555.14634146342,80004.14634146342,640600.487804878,237472.97435897434,0.8749046251921182,Iowa
370,2010,ID,189404.75,146604.75,702819.5,415363.375,0.835781551189039,Idaho
371,2010,IL,92417.80952380953,65894.41666666667,685899.0595238095,238843.29761904763,0.8391883986880628,Illinois
372,2010,IN,221758.76315789475,140553.44736842104,1369041.3783783785,447876.1621621622,0.9402477776992402,Indiana
373,2010,KS,120656.0,75382.27272727272,757229.0909090909,218473.61363636365,0.9451934980531571,Kansas
374,2010,KY,240788.42307692306,103169.26923076923,2907179.36,418683.6153846154,0.8047544720078604,Kentucky
375,2010,LA,157393.34782608695,128809.69565217392,889890.0909090909,480759.0909090909,0.6916481413840089,Louisiana
376,2010,MA,81067.97872340426,61228.44680851064,464619.6808510638,351717.9130434783,0.9488565176515956,Massachusetts
377,2010,MD,91297.25806451614,58027.6129032258,661202.4666666667,229325.4193548387,0.7675319698411656,Maryland
378,2010,ME,45655.92307692308,46193.46153846154,175425.3076923077,164423.0,1.100815979455478,Maine
379,2010,MI,120649.53846153847,83301.78846153847,818946.3653846154,275403.90196078434,0.928458370982365,Michigan
380,2010,MN,57112.26190476191,51562.333333333336,513902.85365853657,156746.46153846153,0.9440993367458148,Minnesota
381,2010,MO,92810.30612244898,66466.26530612246,675506.0638297872,334269.44680851063,0.8305055253728536,Missouri
382,2010,MS,111485.55172413793,86926.75862068965,785611.275862069,291894.8620689655,0.6548349084782052,Mississippi
383,2010,MT,123511.27272727272,111790.36363636363,533503.8181818182,412885.1818181818,1.0498729149857102,Montana
384,2010,NC,181894.8,98519.58333333333,1626466.1355932204,495090.67307692306,0.8250588190606445,North Carolina
385,2010,ND,73834.73333333334,66049.53333333334,266037.86666666664,237480.0,0.9890435143751863,North Dakota
386,2010,NE,102601.23809523809,66188.76190476191,732927.380952381,289831.7894736842,0.9080236031540865,Nebraska
387,2010,NH,66188.63636363637,60718.90909090909,427294.54545454547,360655.7272727273,0.8513724547631688,New Hampshire
388,2010,NJ,94060.09302325582,64923.25581395349,540708.1219512195,330212.1395348837,0.8793925070393102,New Jersey
389,2010,NM,243877.125,132993.25,1026567.5,611686.7142857143,1.2587898230436796,New Mexico
390,2010,NV,690480.5,405226.5,6726285.5,1395165.0,0.856985905783368,Nevada
391,2010,NY,84375.85217391304,65568.1652173913,566723.5565217391,322676.4862385321,0.9707344041667533,New York
392,2010,OH,180673.0,99782.63636363637,1269902.2777777778,401540.2037037037,0.9286741569537493,Ohio
393,2010,OK,150411.66666666666,99501.9696969697,1073717.393939394,405457.0303030303,0.8404855667476996,Oklahoma
394,2010,OR,121231.0,85326.38461538461,562490.3461538461,245136.4,0.8238799442766971,Oregon
395,2010,PA,103680.23232323233,62547.16161616162,603837.9479166666,335657.9479166667,0.8965512190596893,Pennsylvania
396,2010,RI,241935.75,125136.25,1385300.875,669094.625,0.842909698704553,Rhode Island
397,2010,SC,155232.51612903227,96314.16129032258,1078577.9666666666,483271.1379310345,1.1569594424527891,South Carolina
398,2010,SD,86637.09090909091,91758.63636363637,368926.0,329091.54545454547,1.0289901009899702,South Dakota
399,2010,TN,176717.69047619047,123662.42857142857,1172467.9523809524,677750.3095238095,0.7645713794876284,Tennessee
400,2010,TX,170295.93181818182,134955.36363636365,974998.9883720931,527655.0975609756,0.8140199857671977,Texas
401,2010,UT,355846.2,202173.3,1973725.8,490237.4,1.0019411756830086,Utah
402,2010,VA,219765.54285714286,129503.4857142857,1263896.3823529412,489250.79411764705,1.0379555392170845,Virginia
403,2010,VT,76178.28571428571,55754.28571428572,414842.28571428574,276247.85714285716,1.2655267388593583,Vermont
404,2010,WA,146447.85294117648,97020.11764705883,826064.5294117647,296640.0882352941,0.8307696695685528,Washington
405,2010,WI,194820.25,97587.1875,1235197.65625,307948.0625,0.9361961013117311,Wisconsin
406,2010,WV,144575.75,102415.55,766001.5,291270.55,0.9327942012965922,West Virginia
407,2010,WY,111699.75,98173.125,523700.875,356322.4285714286,0.7795100874126142,Wyoming
408,2011,AK,196375.5,220624.0,1071853.5,805273.0,0.8938920668372723,Alaska
409,2011,AL,146726.27777777778,113511.08333333333,1104969.111111111,407292.0571428572,0.8844368133495908,Alabama
410,2011,AR,148812.83333333334,104388.83333333333,1032544.75,282887.0416666667,0.8838622163699142,Arkansas
411,2011,AZ,235669.76470588235,101654.35294117648,1849628.4117647058,289144.0,1.019220627160682,Arizona
412,2011,CA,125412.53571428571,79642.17857142857,743110.2990654205,449203.1296296296,0.8982824138455123,California
413,2011,CO,156583.95,133251.6,694843.45,466946.9,0.9933121788438637,Colorado
414,2011,CT,212012.8947368421,189056.52631578947,1084500.111111111,758720.6315789474,0.794760456084257,Connecticut
415,2011,DC,477569.0,218417.8,3124750.8,1427191.2,0.7106248314777655,District of Columbia
416,2011,DE,167669.25,148236.25,895388.5,779688.0,0.736646390687188,Delaware
417,2011,FL,180811.58181818182,115407.81818181818,1090968.3636363635,494513.42553191487,0.9420193661991784,Florida
418,2011,GA,123612.18421052632,95391.81578947368,722662.6666666666,319885.22222222225,0.7558679769272334,Georgia
419,2011,HI,179037.25,140738.25,766164.25,269232.0,0.6684492910061431,Hawaii
420,2011,IA,133172.41463414635,94899.75609756098,711971.512195122,262478.4871794872,0.8830710636730683,Iowa
421,2011,ID,210577.0,153338.75,770385.25,467166.0,0.8491832279313487,Idaho
422,2011,IL,96917.70238095238,67109.54761904762,739095.5595238095,269517.70238095237,0.8384169485986898,Illinois
423,2011,IN,228740.42105263157,141213.55263157896,1409946.7027027027,463970.4054054054,0.9166060914963257,Indiana
424,2011,KS,140213.97727272726,92449.11363636363,912404.4772727273,236925.47727272726,0.9534607995409027,Kansas
425,2011,KY,327394.8076923077,138086.42307692306,3153462.6,460759.57692307694,0.7965225796972442,Kentucky
426,2011,LA,172832.08695652173,140712.91304347827,1061699.2727272727,550430.5,0.700829424764187,Louisiana
427,2011,MA,89508.23404255319,63714.1914893617,450850.7021276596,304947.21276595746,0.9654395746934953,Massachusetts
428,2011,MD,106106.96774193548,67633.06451612903,771768.2,287155.9032258064,0.7829831539916371,Maryland
429,2011,ME,45246.0,43796.53846153846,168313.38461538462,177225.92307692306,1.162164526346778,Maine
430,2011,MI,148097.0,83459.6603773585,901623.4150943396,300710.76923076925,0.9051779259421673,Michigan
431,2011,MN,60488.28571428572,56486.78571428572,541300.4634146341,155211.78048780488,0.9489305771089023,Minnesota
432,2011,MO,100920.54166666667,73630.97916666667,615855.2391304348,418992.5869565217,0.8321436678635813,Missouri
433,2011,MS,125467.13793103448,91149.4827586207,774716.3793103448,381274.0344827586,0.6579547269348043,Mississippi
434,2011,MT,125691.72727272728,109806.45454545454,544470.0,416206.2727272727,1.0381198599921824,Montana
435,2011,NC,210392.15,106015.0,1702766.5762711863,591248.7115384615,0.8117679639479914,North Carolina
436,2011,ND,78943.86666666667,73493.13333333333,291117.26666666666,275832.86666666664,1.0164855725002147,North Dakota
437,2011,NE,118284.42857142857,79980.38095238095,983798.4761904762,322631.5263157895,0.8925477771070953,Nebraska
438,2011,NH,85501.36363636363,65866.27272727272,413794.7272727273,371022.45454545453,0.8376422280486839,New Hampshire
439,2011,NJ,104938.46511627907,69545.55813953489,552366.2195121951,390249.60975609755,0.8873742284459114,New Jersey
440,2011,NM,249495.875,146333.5,1195266.75,611123.2857142857,1.2969998368962359,New Mexico
441,2011,NV,716447.5,351982.0,6555045.5,1361727.0,0.858935378059088,Nevada
442,2011,NY,99729.77391304348,69353.04347826086,653963.8695652174,344316.2181818182,0.9654844366498314,New York
443,2011,OH,217103.45454545456,105698.23636363636,1378351.3333333333,423360.9090909091,0.9328022903736213,Ohio
444,2011,OK,154988.9696969697,111947.81818181818,1114628.5454545454,410592.2727272727,0.8453363246745256,Oklahoma
445,2011,OR,117293.07692307692,79727.15384615384,775426.9615384615,262973.32,0.8332986156300878,Oregon
446,2011,PA,114310.47474747474,70100.43434343435,626581.4375,365478.28125,0.9162203873899497,Pennsylvania
447,2011,RI,276720.875,128096.875,1727856.375,705215.375,0.8392875321376212,Rhode Island
448,2011,SC,157908.03125,97022.03125,1060892.8709677418,446842.8333333333,1.1623170839170842,South Carolina
449,2011,SD,102327.54545454546,95772.90909090909,421916.9090909091,375255.54545454547,1.0837463641047305,South Dakota
450,2011,TN,201978.2380952381,129146.64285714286,1243158.6904761905,684809.1666666666,0.7616369003235798,Tennessee
451,2011,TX,185749.10344827586,142090.2068965517,1064402.5411764707,560875.108433735,0.8268339283258229,Texas
452,2011,UT,331089.0,198819.6,1959767.1,573646.0,0.9917490087403257,Utah
453,2011,VA,235643.8,145068.57142857142,1361854.205882353,605838.2352941176,1.0099243895607362,Virginia
454,2011,VT,80948.85714285714,62151.28571428572,416821.4285714286,304358.85714285716,1.3047109164908453,Vermont
455,2011,WA,165265.0,101410.65714285715,903000.0571428571,338375.0571428572,0.8283087838180113,Washington
456,2011,WI,214785.03125,92946.0625,1229672.125,323951.375,0.9319004082173601,Wisconsin
457,2011,WV,160413.0,99026.8,958714.55,488230.1,0.9471528603933018,West Virginia
458,2011,WY,94217.25,79796.75,603484.0,407243.4285714286,0.787223532612809,Wyoming
459,2012,AK,213197.0,179733.0,1125461.5,677283.0,0.9033817829125269,Alaska
460,2012,AL,166950.25,123592.77777777778,1157393.7222222222,449417.45714285714,0.9261745570915971,Alabama
461,2012,AR,161878.875,101267.33333333333,991560.3333333334,288139.0833333333,0.8830759739315663,Arkansas
462,2012,AZ,252121.76470588235,113678.4705882353,2193711.7647058824,284028.29411764705,0.9105918442218816,Arizona
463,2012,CA,143806.0267857143,89389.24107142857,852081.0934579439,569482.8348623853,0.9117282851318348,California
464,2012,CO,200374.45,140577.55,940343.1,508827.85,1.0068856476504848,Colorado
465,2012,CT,194632.42105263157,177647.63157894736,1016337.2777777778,826346.6666666666,0.797077191520422,Connecticut
466,2012,DC,546983.8,233510.4,3114482.0,1358473.8,0.7179436847982725,District of Columbia
467,2012,DE,196600.5,127128.5,971105.75,779723.0,0.7171969279006657,Delaware
468,2012,FL,218079.27777777778,134701.2962962963,1158503.9074074074,583015.3541666666,0.968712111785029,Florida
469,2012,GA,125708.89743589744,93297.48717948717,731206.4594594594,315418.4324324324,0.7616075933696298,Georgia
470,2012,HI,176656.5,162902.0,780393.75,308847.5,0.6845821897484629,Hawaii
471,2012,IA,143419.0,95187.73170731707,778172.0243902439,275689.1538461539,0.9037150575224201,Iowa
472,2012,ID,177739.375,154320.0,819404.5,463398.0,0.8456331200205806,Idaho
473,2012,IL,106560.42352941177,69947.01176470588,772189.8470588236,288773.85714285716,0.8569421958799407,Illinois
474,2012,IN,254013.64102564103,152596.28205128206,1524428.6578947369,549046.4864864865,0.892754657851944,Indiana
475,2012,KS,152074.13333333333,94751.06666666667,896611.3555555556,243596.95555555556,0.9906144919531011,Kansas
476,2012,KY,286811.07692307694,154127.96153846153,3256016.48,495910.23076923075,0.8169212964503733,Kentucky
477,2012,LA,201261.47826086957,151792.47826086957,1057593.0909090908,577225.1363636364,0.701718632018486,Louisiana
478,2012,MA,93652.97872340426,63862.70212765958,486494.3617021277,320737.52173913043,0.9549571375177909,Massachusetts
479,2012,MD,123336.74193548386,77395.58064516129,840661.9333333333,300408.22580645164,0.7942043220244369,Maryland
480,2012,ME,44370.07692307692,46788.692307692305,170501.92307692306,188025.92307692306,1.1817992436494367,Maine
481,2012,MI,142802.52727272728,89047.43636363637,951107.7636363637,303431.85185185185,0.9582854591260899,Michigan
482,2012,MN,66947.69767441861,55612.09302325582,486531.3095238095,163677.85,0.9668277695125184,Minnesota
483,2012,MO,112416.87755102041,79924.55102040817,751953.9361702128,447130.57446808513,0.851622287620631,Missouri
484,2012,MS,140537.27586206896,88959.72413793103,844630.0689655172,352998.3793103448,0.6722806834456787,Mississippi
485,2012,MT,128702.18181818182,112553.45454545454,547604.8181818182,448607.0909090909,1.0473210790482854,Montana
486,2012,NC,214062.75,114959.5,1731425.8333333333,581738.6666666666,0.8151517489493514,North Carolina
487,2012,ND,84340.33333333333,76939.13333333333,307064.4666666667,289329.5333333333,1.0232825859594246,North Dakota
488,2012,NE,128542.04761904762,90519.42857142857,868383.5714285715,316011.8,0.899733545209804,Nebraska
489,2012,NH,76118.0,66000.27272727272,441845.63636363635,430291.7272727273,0.8157799249398946,New Hampshire
490,2012,NJ,99633.44186046511,73917.88372093023,573099.7804878049,427183.45238095237,0.8920821854570187,New Jersey
491,2012,NM,289347.5,162716.625,1257921.875,634380.7142857143,1.4743136493942188,New Mexico
492,2012,NV,734181.0,347080.5,7603502.0,1424253.5,0.8504949394903732,Nevada
493,2012,NY,108188.13043478261,69225.72173913043,688160.6434782608,352668.5181818182,0.9640140775591203,New York
494,2012,OH,199607.14285714287,116927.39285714286,1376458.1636363636,442024.8,0.9382101991763439,Ohio
495,2012,OK,179791.72727272726,118714.54545454546,1101224.7272727273,465772.7878787879,0.8624045039355013,Oklahoma
496,2012,OR,116802.46153846153,83811.65384615384,838313.4615384615,264403.72,0.8412486694125243,Oregon
497,2012,PA,126945.37373737374,73020.67676767676,651680.2395833334,381355.75,0.9243882133679796,Pennsylvania
498,2012,RI,269811.625,137066.0,1797015.875,776147.125,0.8342692046016295,Rhode Island
499,2012,SC,160897.15625,108793.125,1119320.1935483871,520232.0333333333,1.1019104996492015,South Carolina
500,2012,SD,111104.18181818182,99208.18181818182,495900.7272727273,429597.0,1.0811634646222055,South Dakota
501,2012,TN,194920.14285714287,129212.30952380953,1249116.4285714286,715351.4285714285,0.7651398526766958,Tennessee
502,2012,TX,207905.48863636365,153590.5,1135971.9767441861,592668.4457831326,0.8389627118455819,Texas
503,2012,UT,366968.0,219859.3,1878984.8,674905.8,0.9836740001033892,Utah
504,2012,VA,258787.86111111112,154579.83333333334,1398685.8285714285,665353.0,30.954394361215343,Virginia
505,2012,VT,75408.14285714286,66888.0,424515.0,315786.4285714286,1.3131494502365577,Vermont
506,2012,WA,176611.11428571428,112428.88571428572,910053.7142857143,343629.3714285714,0.8250881252347487,Washington
507,2012,WI,203029.03125,96572.5,1346823.3125,334718.625,0.9197368342882292,Wisconsin
508,2012,WV,182965.55,118729.05,774369.1,403839.8,0.964587467264626,West Virginia
509,2012,WY,110827.5,77579.5,623621.875,447376.4285714286,0.7804256536966581,Wyoming
510,2013,AK,196407.0,173854.0,1208886.0,690301.0,0.9078828897939051,Alaska
511,2013,AL,179141.25,123749.33333333333,1295253.888888889,608087.1714285715,0.9211604673941896,Alabama
512,2013,AR,158608.95833333334,116442.20833333333,1021658.25,303737.4583333333,0.896576937676339,Arkansas
513,2013,AZ,361322.4117647059,131735.82352941178,2461202.411764706,319066.0588235294,0.906769733926927,Arizona
514,2013,CA,149563.11711711713,95427.1981981982,918565.4299065421,592887.9814814815,0.9225222754111021,California
515,2013,CO,190878.9,137208.85,1002176.35,524537.45,1.003295098518897,Colorado
516,2013,CT,237187.05263157896,177941.47368421053,1134563.0,776216.052631579,0.7952229604626019,Connecticut
517,2013,DC,532518.8,266006.6,3288063.6,1502728.2,0.7141146871070327,District of Columbia
518,2013,DE,224660.25,133274.5,1051630.0,728066.25,0.7406585166155685,Delaware
519,2013,FL,214995.0,135530.74074074073,1193514.8148148148,548403.7916666666,0.9815780516502962,Florida
520,2013,GA,118529.69565217392,79342.43478260869,660754.2954545454,308697.8095238095,0.7776116357998312,Georgia
521,2013,HI,146896.75,137607.0,1060270.5,657239.75,0.6623305514286058,Hawaii
522,2013,IA,148681.73170731709,101255.12195121951,822575.243902439,266967.5128205128,0.8966621553822652,Iowa
523,2013,ID,195032.375,163619.75,1010792.75,488796.375,0.85051947782532,Idaho
524,2013,IL,107677.75294117647,79235.1294117647,783296.7411764705,299886.55294117646,0.8751365809130571,Illinois
525,2013,IN,249796.58974358975,169160.12820512822,1550664.3421052631,576516.1081081082,0.8984504264993722,Indiana
526,2013,KS,137371.6,93556.6,963691.1555555556,270674.9111111111,0.9746822638405274,Kansas
527,2013,KY,301252.8076923077,149684.84615384616,3264473.4,509360.8076923077,0.8247069653972099,Kentucky
528,2013,LA,214732.1739130435,162944.91304347827,1028425.6363636364,528405.2608695652,0.7000476351923643,Louisiana
529,2013,MA,113923.12765957447,72258.10638297872,535920.0638297872,341561.347826087,0.9413263237886815,Massachusetts
530,2013,MD,135231.93548387097,85303.3870967742,831122.0666666667,294660.3548387097,0.8163534808169209,Maryland
531,2013,ME,47801.307692307695,52818.230769230766,175207.92307692306,192753.53846153847,1.2104493293212704,Maine
532,2013,MI,151832.63636363635,93559.07272727272,955504.3272727273,312416.6603773585,0.9523311410597389,Michigan
533,2013,MN,78897.58139534884,54395.16279069767,479344.4761904762,173425.87179487178,0.9588007564297568,Minnesota
534,2013,MO,118894.28,82160.3,779398.7291666666,445679.8541666667,0.8593986475265945,Missouri
535,2013,MS,144175.06896551725,102541.1724137931,810932.8620689656,360954.5172413793,0.6965501116817876,Mississippi
536,2013,MT,95687.63636363637,97810.36363636363,557092.9090909091,451696.63636363635,1.0834682667218125,Montana
537,2013,NC,214475.5593220339,120772.37288135593,1729919.0,615263.0,0.8279258390423149,North Carolina
538,2013,ND,86686.66666666667,82072.33333333333,320317.4666666667,296704.0,1.0410714422079375,North Dakota
539,2013,NE,184415.6,119568.75,1014340.45,410954.4210526316,0.9020665745736782,Nebraska
540,2013,NH,73225.27272727272,63363.27272727273,465519.54545454547,392126.54545454547,0.794312985033265,New Hampshire
541,2013,NJ,108654.97619047618,79186.16666666667,590544.1951219512,408029.26829268294,0.8938954365132235,New Jersey
542,2013,NM,292140.625,162329.875,1240269.75,642980.2857142857,1.3745294439571096,New Mexico
543,2013,NV,597386.5,372171.5,6063854.5,1368199.0,0.8379350969121404,Nevada
544,2013,NY,114350.64347826087,79974.67826086956,749026.2521739131,379008.07272727275,0.9471878240651506,New York
545,2013,OH,223386.375,123303.17857142857,1434278.0727272728,439721.26785714284,0.9423488332241787,Ohio
546,2013,OK,184401.21212121213,132857.9696969697,1149920.0606060605,483159.2121212121,0.8720778336208194,Oklahoma
547,2013,OR,129429.76923076923,79803.34615384616,869343.8076923077,337383.25,0.8497235089417022,Oregon
548,2013,PA,129420.53,73525.92,713168.969072165,396933.1443298969,0.9244225388464027,Pennsylvania
549,2013,RI,392758.875,161254.875,2235755.25,865776.75,0.829167492172348,Rhode Island
550,2013,SC,182981.18181818182,117922.63636363637,1120823.96875,533339.0322580645,1.1656911350040549,South Carolina
551,2013,SD,101607.54545454546,96945.54545454546,528071.5454545454,463956.45454545453,1.1076828950938349,South Dakota
552,2013,TN,216534.52380952382,145087.7857142857,1372635.1666666667,748581.119047619,0.7713037587003546,Tennessee
553,2013,TX,213681.625,164060.22727272726,1153300.1744186047,614116.5647058823,0.8504153033337751,Texas
554,2013,UT,450336.2,210843.7,2040728.1,675406.1,0.9961978947708043,Utah
555,2013,VA,259721.24324324325,167883.56756756757,1395292.0277777778,613253.0571428571,29.80876491380642,Virginia
556,2013,VT,73421.28571428571,53870.71428571428,452190.5714285714,339131.85714285716,1.189976896102176,Vermont
557,2013,WA,172838.08571428573,124655.5142857143,919016.2285714286,347042.7428571429,0.8132007639345676,Washington
558,2013,WI,217123.9375,95821.8125,1416187.84375,333246.125,0.9067905009451224,Wisconsin
559,2013,WV,211119.65,126324.4,732017.25,407850.4736842105,0.982854929762276,West Virginia
560,2013,WY,119222.625,91037.625,612338.0,375326.71428571426,0.8158771207149041,Wyoming
561,2014,AK,206836.5,182702.5,1125415.5,753685.0,0.9422920470302887,Alaska
562,2014,AL,187816.11111111112,160432.55555555556,1270542.6666666667,494218.4857142857,0.9341003097349169,Alabama
563,2014,AR,177948.375,119613.0,1068352.7083333333,327177.3333333333,0.9370345928735097,Arkansas
564,2014,AZ,359534.29411764705,155200.88235294117,2100773.0,349353.5882352941,0.94001395324924,Arizona
565,2014,CA,151267.94642857142,100596.90178571429,906191.6851851852,618228.8703703703,0.9223412043550596,California
566,2014,CO,186485.1,134791.4,1044178.85,551998.65,1.0054329855425386,Colorado
567,2014,CT,227921.36842105264,182052.63157894736,1281864.2222222222,786786.0,0.7958989333632593,Connecticut
568,2014,DC,730951.6,221994.4,3374945.0,1590095.6,0.7127199616616025,District of Columbia
569,2014,DE,198146.25,136549.75,995222.25,738795.5,0.7302352139158417,Delaware
570,2014,FL,228546.53703703705,160947.1851851852,1177890.611111111,565749.6326530612,0.9622699185692755,Florida
571,2014,GA,135992.60869565216,98586.21739130435,741953.5454545454,338746.1666666667,0.7682729494864261,Georgia
572,2014,HI,190175.25,188422.75,1163765.75,770638.5,0.6485307529120765,Hawaii
573,2014,IA,153977.125,108957.3,861718.575,296490.58974358975,0.9240216210393661,Iowa
574,2014,ID,218231.125,166998.0,1103966.375,552015.5,0.881684209038649,Idaho
575,2014,IL,117529.74117647059,75746.01176470588,865141.9176470588,301855.22352941177,0.8663011031189781,Illinois
576,2014,IN,304151.5128205128,187050.07692307694,1649508.1315789474,484631.5641025641,0.8951078855025921,Indiana
577,2014,KS,162954.02222222224,100895.64444444445,1024270.7777777778,283395.5227272727,1.0165839698384587,Kansas
578,2014,KY,319193.8076923077,155959.34615384616,3517812.16,502977.96153846156,0.8177851977380356,Kentucky
579,2014,LA,205347.5,165947.0,1060182.7826086956,564292.8333333334,0.6844708448706736,Louisiana
580,2014,MA,117431.02127659574,81818.46808510639,593990.6382978724,360942.347826087,0.9396267233578519,Massachusetts
581,2014,MD,146089.16129032258,100107.93548387097,962262.1666666666,341656.1666666667,0.8117614869110752,Maryland
582,2014,ME,54706.07692307692,57928.38461538462,204381.61538461538,218942.6923076923,1.1976776343383344,Maine
583,2014,MI,156018.11111111112,94325.9074074074,977505.8148148148,325230.3962264151,0.9548898434770244,Michigan
584,2014,MN,84578.79069767441,71876.72093023256,480875.54761904763,177023.29268292684,0.9579547545354166,Minnesota
585,2014,MO,120594.2,86410.7,775424.5,457943.32653061225,0.8547533685360819,Missouri
586,2014,MS,149882.0,115191.79310344828,829894.448275862,292849.6206896552,0.6987544380928625,Mississippi
587,2014,MT,130072.27272727272,128167.81818181818,591017.7272727273,486423.0,1.0518229135276338,Montana
588,2014,NC,243320.62711864407,144766.69491525425,1871715.93220339,631973.625,0.8218245435714695,North Carolina
589,2014,ND,104342.33333333333,96022.06666666667,355496.0,320997.6,1.0698410488377135,North Dakota
590,2014,NE,194886.15,123081.6,1061632.0,415837.0,0.9018007520154312,Nebraska
591,2014,NH,88964.45454545454,70827.90909090909,483790.63636363635,415112.8181818182,0.7916126595930781,New Hampshire
592,2014,NJ,123710.9756097561,95644.41463414633,654416.975,476719.625,0.8983161953647845,New Jersey
593,2014,NM,306249.0,161624.625,1340971.125,652536.2857142857,1.4510430448178429,New Mexico
594,2014,NV,678965.5,349602.0,3705648.5,1445434.0,0.8352204864054497,Nevada
595,2014,NY,126294.6347826087,82500.34782608696,797830.9826086956,386115.7909090909,0.9493718412114275,New York
596,2014,OH,221131.84210526315,132405.1052631579,1508347.357142857,463018.96428571426,0.946682346943986,Ohio
597,2014,OK,194023.63636363635,136536.21212121213,1262693.878787879,472050.63636363635,0.868236725323985,Oklahoma
598,2014,OR,128556.76923076923,90470.42307692308,833588.4615384615,368053.04,0.8334938082084888,Oregon
599,2014,PA,147166.88888888888,84417.20202020202,725800.581632653,397883.5360824742,0.9819511304819365,Pennsylvania
600,2014,RI,417132.875,172405.125,1763821.75,940976.5,0.8229788040539618,Rhode Island
601,2014,SC,184246.54545454544,132769.9393939394,1151648.15625,588165.1612903225,1.1174664221717945,South Carolina
602,2014,SD,138024.9090909091,106691.81818181818,595042.4545454546,501388.45454545453,1.1415332388973451,South Dakota
603,2014,TN,208272.54761904763,151541.54761904763,1433407.4761904762,735958.9285714285,0.7746026631730785,Tennessee
604,2014,TX,234501.85227272726,168445.43181818182,1218575.6976744186,641731.0588235294,0.8370550707302326,Texas
605,2014,UT,481517.6,263915.1,2386568.1,775893.8,0.9978047089332461,Utah
606,2014,VA,276150.86842105264,168117.34210526315,1599047.7027027027,688750.4722222222,15.433942963799486,Virginia
607,2014,VT,79123.28571428571,57943.142857142855,445086.14285714284,336969.4285714286,1.2714562805237482,Vermont
608,2014,WA,185005.85714285713,121979.97142857143,1065141.9142857143,432754.6857142857,0.8095211083585131,Washington
609,2014,WI,248348.96875,110452.25,1421321.875,346443.0625,0.9033671290614357,Wisconsin
610,2014,WV,249430.5,148796.15,738807.0,439342.15789473685,0.9958148926500057,West Virginia
611,2014,WY,139118.375,92271.875,717923.875,432469.85714285716,0.8135316065192211,Wyoming
612,2015,AK,206781.5,195342.5,1087085.5,835978.0,0.9663882369372627,Alaska
613,2015,AL,176663.58333333334,122282.13888888889,1331278.3333333333,469385.17142857146,0.9081871954428085,Alabama
614,2015,AR,187457.95833333334,133121.66666666666,1104460.875,357285.375,0.9539954134380425,Arkansas
615,2015,AZ,314041.6111111111,145689.16666666666,2067513.2222222222,355347.29411764705,1.0904717263027919,Arizona
616,2015,CA,167984.55263157896,108329.06140350878,958271.5909090909,702073.4036697248,0.8983617279521957,California
617,2015,CO,192667.75,133162.1,1201824.2,574671.25,1.0223738052740332,Colorado
618,2015,CT,244791.42105263157,215718.57894736843,1368800.388888889,1097393.8421052631,0.8071120326876313,Connecticut
619,2015,DC,813284.4,279370.0,3630343.6,1775764.2,0.6979494145594256,District of Columbia
620,2015,DE,163417.0,153725.4,879441.0,659693.6,0.7016548119182,Delaware
621,2015,FL,238530.25,157642.98214285713,1228886.017857143,636914.1568627451,0.937140531857328,Florida
622,2015,GA,139699.41666666666,95293.875,720288.2608695652,362491.511627907,0.7815259649246392,Georgia
623,2015,HI,242211.5,185381.25,1241237.25,813220.25,0.6332269873246698,Hawaii
624,2015,IA,166861.125,113112.55,868640.425,287780.8205128205,0.9253452038345417,Iowa
625,2015,ID,245783.75,192289.5,1162978.75,562853.25,0.8723840169136468,Idaho
626,2015,IL,119476.29069767441,83442.90697674418,791677.6162790698,306770.6976744186,0.8765251200244064,Illinois
627,2015,IN,324395.53846153844,174531.89743589744,1667957.105263158,503622.0512820513,0.8935433149997843,Indiana
628,2015,KS,155319.97777777776,100964.55555555556,1063422.2444444445,282326.68888888886,1.0489065341137018,Kansas
629,2015,KY,332222.42307692306,164382.65384615384,3649794.92,533425.4230769231,0.7983207524233635,Kentucky
630,2015,LA,232348.54166666666,180186.125,1040350.0869565217,544787.9583333334,0.7001038116484387,Louisiana
631,2015,MA,120377.44680851063,87427.48936170213,602429.2765957447,379516.23913043475,0.9368471265308213,Massachusetts
632,2015,MD,146712.09677419355,100440.87096774194,988929.4666666667,351235.3548387097,0.8259430193533099,Maryland
633,2015,ME,62953.42857142857,59260.57142857143,206345.7142857143,199425.35714285713,1.1461579873027439,Maine
634,2015,MI,164153.35185185185,100716.35185185185,1041733.2962962963,330272.4074074074,0.9637795259967964,Michigan
635,2015,MN,84969.3488372093,68283.79069767441,478913.7619047619,171650.07317073172,0.967391893221073,Minnesota
636,2015,MO,128921.82,92686.26,790284.625,497209.2916666667,0.8472120077739305,Missouri
637,2015,MS,167705.24137931035,122248.89655172414,925440.4827586206,306249.3103448276,0.7066534330750824,Mississippi
638,2015,MT,137027.63636363635,128943.27272727272,607259.5454545454,481534.54545454547,1.0897985139199278,Montana
639,2015,NC,265241.28813559323,139245.61016949153,1888235.440677966,648046.8727272727,0.8233643841142443,North Carolina
640,2015,ND,102795.6,103703.66666666667,394054.26666666666,363876.86666666664,1.047667771472312,North Dakota
641,2015,NE,224385.35,134480.0,1206800.1,429423.2631578947,0.9332735164785395,Nebraska
642,2015,NH,92439.36363636363,80778.18181818182,522425.2727272727,459689.63636363635,0.7665401208323493,New Hampshire
643,2015,NJ,130860.0,96941.70731707317,671140.475,493752.85,0.9020025097053186,New Jersey
644,2015,NM,324499.75,168397.75,1343731.25,686136.0,1.267420473296492,New Mexico
645,2015,NV,909461.0,356966.0,4958479.0,1515330.0,0.8289300216251136,Nevada
646,2015,NY,135031.3879310345,85744.0948275862,766830.3189655172,404259.5945945946,0.9423893790380415,New York
647,2015,OH,222210.2931034483,130433.4827586207,1487524.3333333333,497910.56140350876,0.9612662390349841,Ohio
648,2015,OK,208523.69696969696,133939.66666666666,1288874.9090909092,474549.24242424243,0.8488465392403053,Oklahoma
649,2015,OR,163578.34615384616,110224.69230769231,932889.7307692308,402415.23076923075,0.8351924080775791,Oregon
650,2015,PA,143124.62376237623,83280.25742574257,757422.97,426346.92783505155,0.9276375610444033,Pennsylvania
651,2015,RI,471449.625,167545.875,1944900.625,947265.875,0.8082371072503045,Rhode Island
652,2015,SC,199315.72727272726,120515.87878787878,1270826.8125,604013.3225806452,1.1244223591001616,South Carolina
653,2015,SD,147254.54545454544,115205.45454545454,612272.8181818182,502665.36363636365,1.152442434053637,South Dakota
654,2015,TN,242767.2558139535,158039.0,1515783.8604651163,729595.8604651163,0.7701570620509702,Tennessee
655,2015,TX,250145.51136363635,177432.88636363635,1345013.2674418604,674797.0823529412,0.849682238854892,Texas
656,2015,UT,494286.3,264606.5,2481648.8,800720.5,0.9910306863014494,Utah
657,2015,VA,300230.2368421053,183888.5,1682654.6216216215,707099.3055555555,8.070704000097317,Virginia
658,2015,VT,92631.14285714286,61084.857142857145,474396.71428571426,326008.14285714284,1.224051796034512,Vermont
659,2015,WA,186554.42857142858,126349.88571428572,1107729.6857142858,407839.0,0.8042778355501544,Washington
660,2015,WI,256131.53125,106799.21875,1585540.65625,342926.1875,0.8981385897623491,Wisconsin
661,2015,WV,221426.8,139745.8,736327.6,450164.94736842107,0.9998788910388126,West Virginia
662,2015,WY,145803.375,95174.375,739295.25,612280.0,0.8294577081203611,Wyoming
663,2016,AK,170449.5,158137.5,1105337.0,767827.0,0.9617828712378762,Alaska
664,2016,AL,208767.5,127329.44444444444,1306754.888888889,516093.6,0.8841169116421975,Alabama
665,2016,AR,213474.95833333334,129844.625,1146898.625,382820.9166666667,0.9377785833690244,Arkansas
666,2016,AZ,336037.5,161649.55555555556,2201488.388888889,379094.05555555556,1.093793360006259,Arizona
667,2016,CA,191114.55652173914,114648.4695652174,1029708.8108108108,709422.2385321101,0.8847715533636432,California
668,2016,CO,198337.65,154500.0,1182968.15,600282.2,1.0227772224356384,Colorado
669,2016,CT,236027.8947368421,198641.63157894736,1534163.7777777778,1082882.7368421052,0.8102380678643812,Connecticut
670,2016,DC,726837.2,243395.0,4910676.2,1657640.2,0.6781814491060626,District of Columbia
671,2016,DE,160977.2,130025.8,866800.6,763667.0,0.7240589601268896,Delaware
672,2016,FL,235191.8596491228,158127.7894736842,1350258.7368421052,791083.0192307692,0.918957391530584,Florida
673,2016,GA,147805.22916666666,98077.89583333333,791448.8478260869,398855.88636363635,0.7812192123606522,Georgia
674,2016,HI,187608.75,190807.75,1184420.75,842488.75,0.619806995388127,Hawaii
675,2016,IA,151222.6,115446.6,963232.675,298885.25641025644,0.9398664190301235,Iowa
676,2016,ID,251768.875,185874.0,1088610.375,550399.0,0.877483714454135,Idaho
677,2016,IL,124051.11627906977,81326.94186046511,810549.4651162791,327891.28571428574,0.8818474444124189,Illinois
678,2016,IN,321831.6153846154,182011.6923076923,1762505.8157894737,527579.5384615385,0.8777675064515414,Indiana
679,2016,KS,164335.84782608695,110214.73913043478,1037257.9565217391,299542.95652173914,1.080583539331324,Kansas
680,2016,KY,315999.42307692306,172098.8076923077,3452906.3846153845,553047.3076923077,0.7860416794932225,Kentucky
681,2016,LA,225473.91666666666,168672.25,1240377.608695652,664135.5416666666,0.6923044775579105,Louisiana
682,2016,MA,115686.89361702128,93952.29787234042,619926.6382978724,394267.47826086957,0.9331631501115656,Massachusetts
683,2016,MD,152788.4516129032,105629.09677419355,1031925.9,364195.4516129032,0.827384444293605,Maryland
684,2016,ME,62890.57142857143,66552.85714285714,209278.57142857142,205216.92857142858,1.0925695041756158,Maine
685,2016,MI,155474.11111111112,105285.35185185185,1049943.7962962964,341633.96226415096,0.9473694687647757,Michigan
686,2016,MN,90718.37209302325,69039.97674418605,521621.2380952381,190006.41463414635,1.0095174301390624,Minnesota
687,2016,MO,138170.14,95826.78,828409.6875,527369.7959183673,0.8502903080770262,Missouri
688,2016,MS,198067.75862068965,151689.3448275862,983606.4137931034,460354.0344827586,0.7138296217693525,Mississippi
689,2016,MT,145882.9090909091,118984.09090909091,631789.7272727273,490519.8181818182,1.0792513178293401,Montana
690,2016,NC,266769.75409836066,140588.24590163934,1895516.0655737706,634359.1034482758,0.838738276046381,North Carolina
691,2016,ND,97066.33333333333,95563.06666666667,404153.93333333335,373857.0,1.0535183474131005,North Dakota
692,2016,NE,207060.0,130407.9,1188786.1,449169.15789473685,0.9402069921012355,Nebraska
693,2016,NH,85969.63636363637,76106.18181818182,513694.0,428130.45454545453,0.7662876983185765,New Hampshire
694,2016,NJ,135997.41463414635,92498.0731707317,737404.6097560975,492968.8048780488,0.907072607099494,New Jersey
695,2016,NM,166135.625,106619.5,1046877.5,723097.8571428572,1.2801956614812235,New Mexico
696,2016,NV,951417.0,407876.0,5771111.5,1721461.5,0.812082138073567,Nevada
697,2016,NY,133404.62393162394,84342.07692307692,798309.2222222222,398786.9736842105,0.9415665809292268,New York
698,2016,OH,253979.22413793104,131181.43103448275,1516571.5789473683,528070.7068965518,0.9804343687835761,Ohio
699,2016,OK,196420.59375,149845.5625,1357597.28125,541161.53125,0.86039318551406,Oklahoma
700,2016,OR,198502.65384615384,122679.15384615384,1019604.0384615385,422578.46153846156,0.8444836148876853,Oregon
701,2016,PA,151461.56435643564,86117.84158415842,740651.68,441637.2121212121,0.9278776994316448,Pennsylvania
702,2016,RI,499191.875,186046.75,2165468.875,961858.0,0.8075239097686197,Rhode Island
703,2016,SC,222822.9696969697,139888.33333333334,1452373.46875,652987.8387096775,1.1178365171202227,South Carolina
704,2016,SD,159394.63636363635,126287.45454545454,694731.2727272727,583274.5454545454,1.1643380844845639,South Dakota
705,2016,TN,235570.81395348837,161410.11627906977,1483554.0930232557,763029.2325581395,0.7741325686331428,Tennessee
706,2016,TX,268074.5340909091,193405.97727272726,1383919.0,705074.7529411765,0.8491223887156042,Texas
707,2016,UT,531827.0,281713.4,2808564.4,813419.7,0.962671676551192,Utah
708,2016,VA,295780.15789473685,183947.31578947368,1623020.2972972973,829195.75,14.415580285521072,Virginia
709,2016,VT,94467.42857142857,70004.57142857143,503393.4285714286,344292.14285714284,1.219311111787746,Vermont
710,2016,WA,215256.9714285714,139775.2,1091672.6285714286,440109.4,0.804885158905349,Washington
711,2016,WI,286655.40625,113738.9375,1624239.96875,384199.34375,0.8843897862957762,Wisconsin
712,2016,WV,233625.05,130695.15,782457.75,477729.05263157893,0.966728565562234,West Virginia
713,2016,WY,130462.0,97285.125,708006.125,428378.875,0.8419488034944806,Wyoming
714,2017,AK,146168.0,149619.5,1148657.0,835286.0,0.9108738295668852,Alaska
715,2017,AL,226974.72972972973,141374.13513513515,1331848.3513513512,541795.4857142858,0.8607860114589307,Alabama
716,2017,AR,204211.25,136830.75,1179972.9583333333,375260.9583333333,0.9441257898569568,Arkansas
717,2017,AZ,395648.0,163524.11111111112,2272187.611111111,401279.44444444444,1.0943205923490922,Arizona
718,2017,CA,173667.64406779662,119255.33050847458,1035137.8318584071,547314.8839285715,0.88412634327071,California
719,2017,CO,186718.85,131899.85,1330640.9,617100.5,1.008605071001075,Colorado
720,2017,CT,252838.05263157896,184717.47368421053,1291163.5555555555,1048264.2105263158,0.7878293891223195,Connecticut
721,2017,DC,825223.4,225308.8,3899858.0,1706788.8,0.6611149560718637,District of Columbia
722,2017,DE,170241.8,162169.8,893207.2,786113.8,0.7306187091424803,Delaware
723,2017,FL,258020.0,169803.68421052632,1355213.6315789474,766517.5576923077,0.9163575870235368,Florida
724,2017,GA,147935.83333333334,105431.45833333333,813194.8510638297,403406.75,0.7663980918317778,Georgia
725,2017,HI,204118.5,196991.25,1176560.0,874834.75,0.5968700265201072,Hawaii
726,2017,IA,169076.9,113169.975,1006695.175,318346.23076923075,0.9638691977378488,Iowa
727,2017,ID,238540.625,180854.125,1175686.0,601024.125,0.8529512609653377,Idaho
728,2017,IL,132454.6976744186,86484.63953488372,1036403.3139534884,329397.4588235294,0.8874082961036875,Illinois
729,2017,IN,316940.575,194655.0,1785731.358974359,556736.1,0.8760332277984884,Indiana
730,2017,KS,193757.13043478262,113678.63043478261,1079775.347826087,314173.0,1.1313386709819284,Kansas
731,2017,KY,349916.6923076923,180557.03846153847,3522536.153846154,569202.1153846154,0.7932879799505764,Kentucky
732,2017,LA,251707.83333333334,179730.375,1280678.4782608696,642069.75,0.686080983681276,Louisiana
733,2017,MA,123575.27659574468,91967.5744680851,643973.5744680851,419265.1956521739,0.9446690339742557,Massachusetts
734,2017,MD,158334.4193548387,105512.54838709677,936526.2,355045.6451612903,0.8373424143560935,Maryland
735,2017,ME,65945.28571428571,65367.857142857145,231165.92857142858,204280.14285714287,1.1304221251368702,Maine
736,2017,MI,185878.69090909092,113782.0,1198740.1636363636,368785.8888888889,0.9565534277540627,Michigan
737,2017,MN,90472.09302325582,69728.67441860466,606243.4285714285,189413.63414634147,0.9888658890829798,Minnesota
738,2017,MO,140751.68,97413.46,932195.2708333334,534842.25,0.8402190431066294,Missouri
739,2017,MS,197184.5172413793,149763.41379310345,960809.2413793104,487721.5172413793,0.7084508572679225,Mississippi
740,2017,MT,173557.45454545456,153491.18181818182,671778.8181818182,547150.2727272727,1.0858068459036687,Montana
741,2017,NC,284110.9193548387,141194.98387096773,2022819.0967741935,666085.4561403509,0.8534197302660744,North Carolina
742,2017,ND,102049.4,92328.13333333333,415364.2,376502.13333333336,1.0473628752457778,North Dakota
743,2017,NE,219231.5,139036.9,1764502.05,522236.8,0.93462051208518,Nebraska
744,2017,NH,91154.18181818182,71669.81818181818,584844.1818181818,489496.54545454547,0.7520437921497056,New Hampshire
745,2017,NJ,129643.14634146342,95559.73170731707,744187.6097560975,514664.39024390245,0.9066551305427886,New Jersey
746,2017,NM,181411.125,119681.625,1094802.0,718857.4285714285,1.1736954142182885,New Mexico
747,2017,NV,1049188.0,406458.0,5254531.5,1769865.0,0.814457237447864,Nevada
748,2017,NY,149655.2711864407,88527.22881355933,831481.593220339,418409.33628318587,0.9536548907048553,New York
749,2017,OH,267784.2068965517,146322.27586206896,1615880.0701754387,548481.2586206896,0.9788615150953793,Ohio
750,2017,OK,216900.59375,151361.0625,1424465.5,548389.6875,0.8673367917496805,Oklahoma
751,2017,OR,188839.8076923077,128917.42307692308,1063802.2692307692,461474.3846153846,0.8266420350175735,Oregon
752,2017,PA,195107.63366336634,91572.76237623762,832340.56,470736.9693877551,0.8922166217669945,Pennsylvania
753,2017,RI,572583.625,188600.25,2450298.375,981406.875,0.8273941569821143,Rhode Island
754,2017,SC,201957.81818181818,138484.18181818182,1454846.03125,689136.6451612903,1.0299389726871915,South Carolina
755,2017,SD,158499.54545454544,133219.0909090909,748564.3636363636,612311.7272727273,1.14972407454883,South Dakota
756,2017,TN,297469.5813953488,165030.7441860465,1546647.3255813953,773673.8604651163,0.7730319795451237,Tennessee
757,2017,TX,273935.29545454547,185611.26136363635,1490648.6511627906,786696.3294117647,0.8388902761867727,Texas
758,2017,UT,545019.4,305183.4,2792042.2,713926.9,0.9201787935724972,Utah
759,2017,VA,304543.1052631579,183125.73684210525,1849107.6486486488,844182.5,28.254909962072368,Virginia
760,2017,VT,109514.57142857143,65928.28571428571,524790.4285714285,372272.5714285714,1.1735287981464964,Vermont
761,2017,WA,222610.57142857142,128412.82857142857,1173633.2,402243.8,0.7954385834631027,Washington
762,2017,WI,267027.6666666667,117658.54545454546,1576703.0606060605,407057.54545454547,0.8789766540221196,Wisconsin
763,2017,WV,261385.75,141919.65,847110.0,513569.15,0.9689673653667927,West Virginia
764,2017,WY,140249.625,114353.25,683121.875,451551.625,0.8222703343695928,Wyoming
765,2018,AK,116188.0,151361.5,738859.5,728004.5,0.9176488699785726,Alaska
766,2018,AL,215076.32432432432,145728.1081081081,1522145.6756756757,573940.0571428571,0.8433878416873571,Alabama
767,2018,AR,185573.92592592593,130918.85185185185,1204168.7407407407,359939.23076923075,1.035377126067758,Arkansas
768,2018,AZ,377117.15789473685,159965.05263157896,2311739.052631579,432657.7368421053,1.0457947593455408,Arizona
769,2018,CA,208820.92372881356,127162.38983050847,1049360.4561403508,571145.5909090909,0.8893765147932404,California
770,2018,CO,210142.0,152233.0,1239557.85,657104.15,0.9856789168937427,Colorado
771,2018,CT,278828.05263157893,207689.31578947368,1332499.1578947369,1102041.0,0.7679533256205605,Connecticut
772,2018,DC,869887.0,246430.6,4153386.0,1733783.0,0.6596876861620272,District of Columbia
773,2018,DE,184412.4,125984.8,852592.6,1066576.25,0.7069977001788887,Delaware
774,2018,FL,264556.0862068966,168299.56896551725,1384762.896551724,832839.2777777778,0.8931990563469271,Florida
775,2018,GA,143477.41666666666,100996.41666666667,821371.5319148937,424926.6818181818,0.7432877040013509,Georgia
776,2018,HI,231634.75,226398.25,1218909.0,926060.5,0.5613318118313243,Hawaii
777,2018,IA,176752.55,133003.95,1082019.6,377225.2051282051,0.9555149009595603,Iowa
778,2018,ID,257355.875,193653.25,1319071.375,712332.875,0.8224575357275975,Idaho
779,2018,IL,133478.27906976745,89026.82558139534,899972.976744186,336942.5411764706,0.8768315965166793,Illinois
780,2018,IN,328416.775,202850.5,2083520.8974358975,726295.125,0.9005648520832039,Indiana
781,2018,KS,189701.58695652173,110453.39130434782,1144506.6739130435,325560.4130434783,1.1185311652440624,Kansas
782,2018,KY,430960.0,190504.84615384616,3950252.1923076925,762873.3846153846,0.798212650366029,Kentucky
783,2018,LA,280775.1666666667,172148.70833333334,1361107.125,708528.0833333334,0.6597990605393675,Louisiana
784,2018,MA,123543.40425531915,94451.59574468085,654334.914893617,424805.47826086957,0.9307391761720241,Massachusetts
785,2018,MD,169287.5483870968,110564.90322580645,930009.8666666667,358687.4193548387,0.8124592086791835,Maryland
786,2018,ME,68332.14285714286,63189.07142857143,231840.35714285713,219640.35714285713,1.0808737540853797,Maine
787,2018,MI,213612.47272727272,121108.0,1268489.1636363636,364228.9818181818,0.9494291867389407,Michigan
788,2018,MN,91563.27272727272,72391.27272727272,624186.023255814,205946.53658536586,0.9676019815922061,Minnesota
789,2018,MO,143894.02,103627.92,953968.3333333334,573280.1458333334,0.8297242749230823,Missouri
790,2018,MS,203467.09677419355,144714.35483870967,965880.9677419355,632333.0967741936,0.743860809015101,Mississippi
791,2018,MT,131778.36363636365,111078.63636363637,704346.5454545454,575465.1818181818,1.0157924821155777,Montana
792,2018,NC,313611.6935483871,152553.06451612903,2144682.370967742,697595.7931034482,0.856622371202272,North Carolina
793,2018,ND,124925.0,100978.6,451207.93333333335,400474.06666666665,0.9879468846468524,North Dakota
794,2018,NE,230266.0,139867.0,1516285.25,452688.95,0.9137708514519602,Nebraska
795,2018,NH,89377.63636363637,74774.45454545454,533319.1818181818,451151.0,0.7545037536123046,New Hampshire
796,2018,NJ,152333.29268292684,103905.73170731707,782991.5853658536,538799.3170731707,0.906253498973302,New Jersey
797,2018,NM,240481.625,151863.75,1170696.0,815748.4285714285,1.303289198349332,New Mexico
798,2018,NV,1051379.0,419677.5,5250746.5,1952193.5,0.8293984733385613,Nevada
799,2018,NY,150057.09836065574,88375.3606557377,883671.4426229508,444760.4695652174,0.9216089565596175,New York
800,2018,OH,278201.4576271186,149410.94915254237,1682005.4310344828,543433.6896551724,0.9752702122144756,Ohio
801,2018,OK,237067.03125,165510.625,1388085.6875,540739.78125,0.8309668874343594,Oklahoma
802,2018,OR,208090.46153846153,150213.6923076923,1059495.1923076923,547416.6923076923,0.8181366415888631,Oregon
803,2018,PA,179338.1862745098,92921.40196078431,839623.801980198,496205.61855670105,0.8583928819574015,Pennsylvania
804,2018,RI,606989.625,232923.375,2447667.75,1078815.875,0.8330753517832078,Rhode Island
805,2018,SC,215341.18181818182,131037.30303030302,1432608.03125,655793.625,1.0193681568145387,South Carolina
806,2018,SD,128025.25,123104.16666666667,693797.0,573732.8333333334,1.1267023046805613,South Dakota
807,2018,TN,238651.58139534883,175059.39534883722,1591469.0697674418,773917.4285714285,0.7581587824644771,Tennessee
808,2018,TX,300724.92045454547,199209.07954545456,1587305.2441860465,832666.8117647059,0.8269255675888654,Texas
809,2018,UT,554574.3,305297.5,2947405.6,886985.2,0.9062361188931707,Utah
810,2018,VA,356522.6923076923,199448.28205128206,1825195.8684210526,846983.4594594594,14.610157573733204,Virginia
811,2018,VT,122582.71428571429,77770.85714285714,587556.5714285715,385297.14285714284,1.2096186456900484,Vermont
812,2018,WA,209723.45714285714,126479.2,1292548.794117647,421194.6,0.7700726565104224,Washington
813,2018,WI,322748.8181818182,129531.84848484848,1639810.0303030303,436879.36363636365,0.8544244463163766,Wisconsin
814,2018,WV,249827.8,141113.05,920198.95,521973.2,0.9461285105502931,West Virginia
815,2018,WY,146251.25,134542.25,706940.375,536480.25,0.7931826160966344,Wyoming
816,2019,AK,170847.0,177985.5,771958.5,778669.5,0.897462186294116,Alaska
817,2019,AL,238219.1891891892,160452.7837837838,1399978.8378378379,580619.5428571429,0.8187560225513292,Alabama
818,2019,AR,178610.06896551725,123131.20689655172,1116229.4137931035,337553.0,0.9821766217168106,Arkansas
819,2019,AZ,366767.1052631579,155766.36842105264,1951861.894736842,450006.63157894736,1.0546232711094354,Arizona
820,2019,CA,202297.86776859505,123902.09917355372,1068303.0254237289,609991.2631578947,0.9969025375168343,California
821,2019,CO,204309.6,155867.95,1214931.75,647040.55,0.9486597253804236,Colorado
822,2019,CT,244030.7894736842,176775.8947368421,1330939.7368421052,1073116.8421052631,0.7660361505715247,Connecticut
823,2019,DC,868423.8,198171.6,4157377.0,1654822.2,0.63974224654935,District of Columbia
824,2019,DE,201743.4,144469.0,839012.6,1052218.75,0.72346633961878,Delaware
825,2019,FL,229766.1551724138,160044.77586206896,1298942.603448276,763526.1481481482,0.8756123828916055,Florida
826,2019,GA,145185.33333333334,114722.375,732131.3191489362,364625.4318181818,0.7524000026345644,Georgia
827,2019,HI,219670.75,195867.25,927362.0,539251.25,0.5546686139908822,Hawaii
828,2019,IA,174604.45,122911.95,942441.5,349066.4871794872,0.9476332673847736,Iowa
829,2019,ID,241238.625,192958.0,1229262.875,672742.25,0.8205281985438209,Idaho
830,2019,IL,148980.1511627907,90326.29069767441,864595.7325581395,342077.5301204819,0.8711902630671529,Illinois
831,2019,IN,326418.925,198977.3,1955561.3846153845,705095.5,0.8742749409059082,Indiana
832,2019,KS,174786.19565217392,109731.08695652174,1090157.043478261,345468.26086956525,1.1339136894761288,Kansas
833,2019,KY,351286.76923076925,188500.5,3504858.576923077,594993.0384615385,0.7928506045781583,Kentucky
834,2019,LA,258539.70833333334,180565.41666666666,1206833.9583333333,670231.125,0.6419105615308193,Louisiana
835,2019,MA,137236.82978723405,97223.34042553192,672621.7659574468,439544.652173913,0.9218618007526119,Massachusetts
836,2019,MD,163474.67741935485,119084.45161290323,961901.7,392496.26666666666,0.8095327560589036,Maryland
837,2019,ME,69386.85714285714,69098.85714285714,238258.64285714287,230649.57142857142,1.0703052346022421,Maine
838,2019,MI,170419.94545454546,124886.74545454545,1154131.309090909,361218.16363636364,0.9286524774673973,Michigan
839,2019,MN,82348.5,62285.204545454544,530083.1860465116,189628.0975609756,0.9416700064353477,Minnesota
840,2019,MO,155754.6862745098,102815.27450980392,877875.9795918367,575554.0625,0.8570074764060811,Missouri
841,2019,MS,182571.51612903227,137361.8064516129,900559.6129032258,469792.9032258064,0.727388965385295,Mississippi
842,2019,MT,161055.0909090909,144958.0,727566.2727272727,537154.6363636364,0.9521713777934572,Montana
843,2019,NC,266211.27419354836,141188.6935483871,2082558.7580645161,711867.1228070175,0.9008807061914035,North Carolina
844,2019,ND,118088.73333333334,95594.86666666667,451317.0,414962.3333333333,0.9948207096328928,North Dakota
845,2019,NE,242997.55,147749.75,1520219.75,486839.85,0.9010139966905969,Nebraska
846,2019,NH,97473.54545454546,73121.36363636363,520703.0,435800.8181818182,0.742087103061726,New Hampshire
847,2019,NJ,150472.97619047618,99945.61904761905,794568.2619047619,528059.05,0.8988097561874062,New Jersey
848,2019,NM,238168.75,151802.0,1219244.75,823479.5714285715,1.1863077574587229,New Mexico
849,2019,NV,1168751.0,726309.5,6386943.5,2190955.5,0.815318748067913,Nevada
850,2019,NY,141602.62809917354,91391.00826446281,799052.6115702479,449945.18644067796,0.9071364102894945,New York
851,2019,OH,220085.45901639343,122652.7868852459,1426918.5166666666,499431.52459016396,0.9558048469502398,Ohio
852,2019,OK,219678.9375,151745.34375,1182704.78125,493667.1875,0.8077992358445363,Oklahoma
853,2019,OR,154660.07692307694,135323.42307692306,1025575.9230769231,419895.0,0.8110422793162908,Oregon
854,2019,PA,168910.11764705883,90976.29411764706,811073.0594059406,462151.1313131313,0.8476379415268509,Pennsylvania
855,2019,RI,706356.625,225579.5,2554705.125,1017279.625,0.8640424906764973,Rhode Island
856,2019,SC,210713.33333333334,142616.78787878787,1400380.0625,715873.09375,0.9672698459383876,South Carolina
857,2019,SD,132985.75,116870.0,654172.5833333334,551886.0,1.1334943455385442,South Dakota
858,2019,TN,254899.3488372093,188745.37209302327,1649316.3720930233,763750.4418604651,0.7567964709980836,Tennessee
859,2019,TX,262293.02222222224,183054.5888888889,1507679.5681818181,756687.4302325582,0.8093750138603114,Texas
860,2019,UT,590439.1,316935.4,2794525.8,791856.4,0.8825043597174504,Utah
861,2019,VA,305988.4358974359,199420.58974358975,1831966.1842105263,819010.7567567568,5.9305703817525695,Virginia
862,2019,VT,112318.14285714286,77370.28571428571,555948.4285714285,382506.0,1.1718764251922562,Vermont
863,2019,WA,226990.17142857143,141185.85714285713,1229833.0,434547.4,0.7541481925840523,Washington
864,2019,WI,262125.12121212122,134256.12121212122,1494719.0606060605,370555.6666666667,0.8404879397548255,Wisconsin
865,2019,WV,217720.9,133924.1,883780.2,516165.0,0.951095694511174,West Virginia
866,2019,WY,130491.875,106607.125,744253.625,494792.25,0.7571197152859694,Wyoming
867,2020,AK,0.0,32394.0,,759923.0,0.8115820394460763,Alaska
868,2020,AL,189689.94594594595,113085.51351351352,1259375.5405405406,722528.9428571429,0.7910243270659622,Alabama
869,2020,AR,132020.44827586206,82717.6551724138,874537.8275862068,433490.9310344828,0.9734690820185302,Arkansas
870,2020,AZ,263596.4166666667,183389.58333333334,2206225.1666666665,927439.5833333334,0.8296700535865407,Arizona
871,2020,CA,211179.87142857144,134079.24285714285,1424094.3235294118,1004991.2096774194,1.0644878288150033,California
872,2020,CO,148121.7,107291.9,977516.6,687345.45,0.9064053496829562,Colorado
873,2020,CT,205863.41666666666,138125.16666666666,1635036.8181818181,1402305.1818181819,0.7621463755688089,Connecticut
874,2020,DC,258907.0,146271.2,3236725.4,1829122.8,0.6177695265740748,District of Columbia
875,2020,DE,119311.33333333333,130890.33333333333,1212542.3333333333,1046690.6666666666,0.6171791288541775,Delaware
876,2020,FL,160328.11111111112,125948.64814814815,1106089.7962962964,721956.9591836735,0.8073677495448716,Florida
877,2020,GA,98391.89361702128,79550.74468085106,748956.6,406955.9534883721,0.7113410355339822,Georgia
878,2020,HI,101326.25,86696.5,527036.25,413706.75,0.5251356588663937,Hawaii
879,2020,IA,110851.82051282052,86207.76923076923,866055.0512820513,416237.05263157893,0.9616396023203396,Iowa
880,2020,ID,168924.0,121012.5,900438.25,747724.0,0.7961357261397454,Idaho
881,2020,IL,103817.7027027027,74829.3918918919,792202.8378378379,383566.59722222225,0.8208372826355161,Illinois
882,2020,IN,203789.475,128342.6,1422356.282051282,708064.7948717949,0.8626750552545814,Indiana
883,2020,KS,110912.63043478261,84567.67391304347,901745.5869565217,400265.5869565217,1.0734552112147198,Kansas
884,2020,KY,258773.92307692306,148748.76923076922,1844675.576923077,858510.04,0.7942496492661545,Kentucky
885,2020,LA,194487.625,146381.91666666666,1086076.0416666667,698469.5416666666,0.608694316165001,Louisiana
886,2020,MA,119930.72,90004.88,914218.8260869565,653389.7727272727,0.9934808319083366,Massachusetts
887,2020,MD,165212.625,122421.625,1055201.6875,589224.875,0.7844692591280554,Maryland
888,2020,ME,15394.142857142857,16225.57142857143,194299.38461538462,176468.07692307694,1.0193637517577812,Maine
889,2020,MI,98915.4705882353,75316.09803921569,851078.1176470588,426185.6530612245,0.9011461005242336,Michigan
890,2020,MN,57747.21212121212,44124.030303030304,587010.5625,201533.1875,0.8219887590763192,Minnesota
891,2020,MO,100830.0,77628.42,810333.0,517255.2291666667,0.8294544264159501,Missouri
892,2020,MS,133889.70967741936,102479.51612903226,842440.7096774194,436874.48387096776,0.6845223806102715,Mississippi
893,2020,MT,72525.75,68842.66666666667,586242.1666666666,566970.4545454546,1.0102667191158623,Montana
894,2020,NC,175526.69811320756,105621.75471698113,1624936.0566037735,765980.918367347,0.8660979516113467,North Carolina
895,2020,ND,71891.46666666666,56924.6,380425.06666666665,338551.13333333336,0.9557066359859135,North Dakota
896,2020,NE,161193.75,108600.6,1262752.15,523881.05,0.8989189140070533,Nebraska
897,2020,NH,35703.833333333336,27442.166666666668,382647.5,386256.4,0.8433473527036339,New Hampshire
898,2020,NJ,126588.89655172414,74064.03448275862,918956.275862069,652579.4444444445,0.8476233742376195,New Jersey
899,2020,NM,188681.6,95682.8,1117024.6,1086758.25,1.4585981461195061,New Mexico
900,2020,NV,396890.0,184794.33333333334,2450910.6666666665,1167905.6666666667,0.7590593134221176,Nevada
901,2020,NY,108314.48529411765,75711.98529411765,972993.3939393939,625054.921875,0.8012519875492078,New York
902,2020,OH,134889.4,88989.38181818182,1250171.7777777778,569788.425925926,0.9688715279780736,Ohio
903,2020,OK,132283.71875,94055.6875,1247061.71875,505612.375,0.7868412597961046,Oklahoma
904,2020,OR,95203.04,73377.76,678711.4583333334,414016.125,0.7636538963544623,Oregon
905,2020,PA,140608.78787878787,78250.84848484848,1043630.5846153846,557313.7619047619,0.745421082357503,Pennsylvania
906,2020,RI,522871.6,224429.0,2861600.4,1255078.8,0.9246248355801052,Rhode Island
907,2020,SC,132814.78125,98835.3125,1220170.8666666667,843482.8387096775,0.9230567521100281,South Carolina
908,2020,SD,77228.5,80734.16666666667,561565.75,534699.75,1.12148251248917,South Dakota
909,2020,TN,185356.2380952381,116861.42857142857,1386631.536585366,751062.0975609756,0.716361686608271,Tennessee
910,2020,TX,192961.52173913043,133644.4347826087,1366271.4666666666,793990.3023255814,0.7825569672425463,Texas
911,2020,UT,401852.2,216487.5,1860343.5,1447135.1,0.8516193366415754,Utah
912,2020,VA,212996.08333333334,130854.94444444444,1694684.2,841697.4545454546,6.96943789642609,Virginia
913,2020,VT,46179.75,26972.75,531039.0,349977.75,1.132110901762914,Vermont
914,2020,WA,171575.9393939394,100390.21212121213,929969.1875,444323.29032258067,0.6824304496308744,Washington
915,2020,WI,181495.16129032258,93041.58064516129,990900.5,334231.0,0.7901067033120647,Wisconsin
916,2020,WV,116869.6,89349.85,603084.947368421,446642.3,0.9548974239356556,West Virginia
917,2020,WY,90163.71428571429,80436.0,654541.8571428572,475419.4285714286,0.6986806718189189,Wyoming
